id,user_id,event_id,booking_reference,status,subtotal,discount_amount,tax_amount,total_amount,expires_at,created_at,updated_at
1,14,1,EVH-2026-000001,CONFIRMED,399.00,0.00,71.82,470.82,,2026-05-27 18:50:00+05:30,2026-05-27 18:50:00+05:30
2,15,2,EVH-2026-000002,CONFIRMED,3798.00,0.00,683.64,4481.64,,2026-05-28 02:15:00+05:30,2026-05-28 02:15:00+05:30
3,16,3,EVH-2026-000003,CONFIRMED,2499.00,0.00,449.82,2948.82,,2026-06-20 21:23:00+05:30,2026-06-20 21:23:00+05:30
4,17,4,EVH-2026-000004,CONFIRMED,2396.00,50.00,422.28,2768.28,,2026-06-29 21:53:00+05:30,2026-06-29 21:53:00+05:30
5,18,5,EVH-2026-000005,CONFIRMED,2499.00,0.00,449.82,2948.82,,2026-07-21 15:30:00+05:30,2026-07-21 15:30:00+05:30
6,19,6,EVH-2026-000006,CONFIRMED,2396.00,0.00,431.28,2827.28,,2026-07-28 17:37:00+05:30,2026-07-28 17:37:00+05:30
7,20,7,EVH-2026-000007,CONFIRMED,399.00,0.00,71.82,470.82,,2026-08-09 14:50:00+05:30,2026-08-09 14:50:00+05:30
8,21,8,EVH-2026-000008,CONFIRMED,3798.00,50.00,674.64,4422.64,,2026-10-05 22:44:00+05:30,2026-10-05 22:44:00+05:30
9,22,9,EVH-2026-000009,CONFIRMED,2499.00,0.00,449.82,2948.82,,2026-10-27 00:26:00+05:30,2026-10-27 00:26:00+05:30
10,23,10,EVH-2026-000010,CONFIRMED,3798.00,0.00,683.64,4481.64,,2026-11-03 21:12:00+05:30,2026-11-03 21:12:00+05:30
11,24,11,EVH-2026-000011,CANCELLED,399.00,0.00,71.82,470.82,,2026-11-10 03:20:00+05:30,2026-11-10 03:20:00+05:30
12,25,12,EVH-2026-000012,CONFIRMED,2396.00,50.00,422.28,2768.28,,2026-11-11 22:56:00+05:30,2026-11-11 22:56:00+05:30
13,26,13,EVH-2026-000013,CONFIRMED,2499.00,0.00,449.82,2948.82,,2026-11-23 23:21:00+05:30,2026-11-23 23:21:00+05:30
14,27,14,EVH-2026-000014,PENDING_PAYMENT,2396.00,0.00,431.28,2827.28,2026-11-21 14:51:00+05:30,2026-11-21 14:36:00+05:30,2026-11-21 14:36:00+05:30
15,28,15,EVH-2026-000015,EXPIRED,399.00,0.00,71.82,470.82,,2026-12-04 15:33:00+05:30,2026-12-04 15:33:00+05:30
16,29,16,EVH-2026-000016,CONFIRMED,2396.00,50.00,422.28,2768.28,,2026-12-21 00:52:00+05:30,2026-12-21 00:52:00+05:30
17,30,17,EVH-2026-000017,CONFIRMED,2499.00,0.00,449.82,2948.82,,2027-01-07 23:00:00+05:30,2027-01-07 23:00:00+05:30
18,31,18,EVH-2026-000018,CONFIRMED,2396.00,0.00,431.28,2827.28,,2027-01-04 21:50:00+05:30,2027-01-04 21:50:00+05:30
19,32,19,EVH-2026-000019,CONFIRMED,2499.00,0.00,449.82,2948.82,,2027-01-07 22:06:00+05:30,2027-01-07 22:06:00+05:30
20,33,20,EVH-2026-000020,REFUNDED,3798.00,50.00,674.64,4422.64,,2027-01-26 00:03:00+05:30,2027-01-26 00:03:00+05:30
21,34,21,EVH-2026-000021,PENDING_PAYMENT,399.00,0.00,71.82,470.82,2027-01-30 21:24:00+05:30,2027-01-30 21:09:00+05:30,2027-01-30 21:09:00+05:30
22,35,22,EVH-2026-000022,CANCELLED,2396.00,0.00,431.28,2827.28,,2027-02-08 22:08:00+05:30,2027-02-08 22:08:00+05:30
23,36,23,EVH-2026-000023,CONFIRMED,2499.00,0.00,449.82,2948.82,,2027-02-19 01:15:00+05:30,2027-02-19 01:15:00+05:30
24,37,24,EVH-2026-000024,CONFIRMED,3798.00,50.00,674.64,4422.64,,2027-02-21 14:42:00+05:30,2027-02-21 14:42:00+05:30
25,38,25,EVH-2026-000025,CONFIRMED,2499.00,0.00,449.82,2948.82,,2027-03-12 01:04:00+05:30,2027-03-12 01:04:00+05:30
26,39,26,EVH-2026-000026,CONFIRMED,2396.00,0.00,431.28,2827.28,,2027-03-13 03:11:00+05:30,2027-03-13 03:11:00+05:30
27,40,27,EVH-2026-000027,CONFIRMED,399.00,0.00,71.82,470.82,,2027-03-19 02:13:00+05:30,2027-03-19 02:13:00+05:30
28,41,1,EVH-2026-000028,CONFIRMED,2396.00,50.00,422.28,2768.28,,2026-05-25 01:03:00+05:30,2026-05-25 01:03:00+05:30
29,42,2,EVH-2026-000029,CONFIRMED,2499.00,0.00,449.82,2948.82,,2026-05-29 18:57:00+05:30,2026-05-29 18:57:00+05:30
30,43,3,EVH-2026-000030,CONFIRMED,3798.00,0.00,683.64,4481.64,,2026-06-23 20:49:00+05:30,2026-06-23 20:49:00+05:30
31,44,4,EVH-2026-000031,CONFIRMED,399.00,0.00,71.82,470.82,,2026-06-29 22:01:00+05:30,2026-06-29 22:01:00+05:30
32,45,5,EVH-2026-000032,CONFIRMED,3798.00,50.00,674.64,4422.64,,2026-07-07 16:50:00+05:30,2026-07-07 16:50:00+05:30
33,14,6,EVH-2026-000033,CONFIRMED,399.00,0.00,71.82,470.82,,2026-07-31 23:20:00+05:30,2026-07-31 23:20:00+05:30
34,15,7,EVH-2026-000034,CONFIRMED,2396.00,0.00,431.28,2827.28,,2026-08-10 17:44:00+05:30,2026-08-10 17:44:00+05:30
35,16,8,EVH-2026-000035,PENDING_PAYMENT,2499.00,0.00,449.82,2948.82,2026-10-04 15:07:00+05:30,2026-10-04 14:52:00+05:30,2026-10-04 14:52:00+05:30
36,17,9,EVH-2026-000036,CONFIRMED,3798.00,50.00,674.64,4422.64,,2026-10-25 20:05:00+05:30,2026-10-25 20:05:00+05:30
37,18,10,EVH-2026-000037,CONFIRMED,2499.00,0.00,449.82,2948.82,,2026-11-03 00:15:00+05:30,2026-11-03 00:15:00+05:30
38,19,11,EVH-2026-000038,CONFIRMED,2396.00,0.00,431.28,2827.28,,2026-11-07 23:48:00+05:30,2026-11-07 23:48:00+05:30
39,20,12,EVH-2026-000039,CONFIRMED,399.00,0.00,71.82,470.82,,2026-11-16 16:20:00+05:30,2026-11-16 16:20:00+05:30
40,21,13,EVH-2026-000040,REFUNDED,3798.00,50.00,674.64,4422.64,,2026-11-24 20:40:00+05:30,2026-11-24 20:40:00+05:30
41,22,14,EVH-2026-000041,CONFIRMED,399.00,0.00,71.82,470.82,,2026-12-01 00:33:00+05:30,2026-12-01 00:33:00+05:30
42,23,15,EVH-2026-000042,PENDING_PAYMENT,2396.00,0.00,431.28,2827.28,2026-12-12 01:25:00+05:30,2026-12-12 01:10:00+05:30,2026-12-12 01:10:00+05:30
43,24,16,EVH-2026-000043,CONFIRMED,399.00,0.00,71.82,470.82,,2026-12-28 22:50:00+05:30,2026-12-28 22:50:00+05:30
44,25,17,EVH-2026-000044,CANCELLED,3798.00,50.00,674.64,4422.64,,2027-01-05 19:29:00+05:30,2027-01-05 19:29:00+05:30
45,26,18,EVH-2026-000045,EXPIRED,399.00,0.00,71.82,470.82,,2027-01-03 16:46:00+05:30,2027-01-03 16:46:00+05:30
46,27,19,EVH-2026-000046,CONFIRMED,3798.00,0.00,683.64,4481.64,,2027-01-14 15:30:00+05:30,2027-01-14 15:30:00+05:30
47,28,20,EVH-2026-000047,CONFIRMED,2499.00,0.00,449.82,2948.82,,2027-01-21 20:30:00+05:30,2027-01-21 20:30:00+05:30
48,29,21,EVH-2026-000048,CONFIRMED,2396.00,50.00,422.28,2768.28,,2027-02-02 17:31:00+05:30,2027-02-02 17:31:00+05:30
49,30,22,EVH-2026-000049,PENDING_PAYMENT,399.00,0.00,71.82,470.82,2027-02-15 16:28:00+05:30,2027-02-15 16:13:00+05:30,2027-02-15 16:13:00+05:30
50,31,23,EVH-2026-000050,CONFIRMED,3798.00,0.00,683.64,4481.64,,2027-02-14 20:19:00+05:30,2027-02-14 20:19:00+05:30
51,32,24,EVH-2026-000051,CONFIRMED,2499.00,0.00,449.82,2948.82,,2027-03-04 20:50:00+05:30,2027-03-04 20:50:00+05:30
52,33,25,EVH-2026-000052,CONFIRMED,3798.00,50.00,674.64,4422.64,,2027-02-26 21:13:00+05:30,2027-02-26 21:13:00+05:30
53,34,26,EVH-2026-000053,CONFIRMED,399.00,0.00,71.82,470.82,,2027-03-15 23:13:00+05:30,2027-03-15 23:13:00+05:30
54,35,27,EVH-2026-000054,CONFIRMED,2396.00,0.00,431.28,2827.28,,2027-03-21 19:22:00+05:30,2027-03-21 19:22:00+05:30
55,36,1,EVH-2026-000055,CONFIRMED,399.00,0.00,71.82,470.82,,2026-05-28 02:15:00+05:30,2026-05-28 02:15:00+05:30
56,37,2,EVH-2026-000056,CONFIRMED,3798.00,50.00,674.64,4422.64,,2026-06-02 01:51:00+05:30,2026-06-02 01:51:00+05:30
57,38,3,EVH-2026-000057,CONFIRMED,2499.00,0.00,449.82,2948.82,,2026-06-12 20:07:00+05:30,2026-06-12 20:07:00+05:30
58,39,4,EVH-2026-000058,CONFIRMED,2396.00,0.00,431.28,2827.28,,2026-07-01 22:33:00+05:30,2026-07-01 22:33:00+05:30
59,40,5,EVH-2026-000059,CONFIRMED,2499.00,0.00,449.82,2948.82,,2026-07-20 17:03:00+05:30,2026-07-20 17:03:00+05:30
60,41,6,EVH-2026-000060,CONFIRMED,2396.00,50.00,422.28,2768.28,,2026-08-03 21:07:00+05:30,2026-08-03 21:07:00+05:30
61,42,7,EVH-2026-000061,CONFIRMED,399.00,0.00,71.82,470.82,,2026-08-07 02:56:00+05:30,2026-08-07 02:56:00+05:30
62,43,8,EVH-2026-000062,CONFIRMED,3798.00,0.00,683.64,4481.64,,2026-10-04 22:31:00+05:30,2026-10-04 22:31:00+05:30
63,44,9,EVH-2026-000063,PENDING_PAYMENT,2499.00,0.00,449.82,2948.82,2026-10-23 02:54:00+05:30,2026-10-23 02:39:00+05:30,2026-10-23 02:39:00+05:30
64,45,10,EVH-2026-000064,CONFIRMED,3798.00,50.00,674.64,4422.64,,2026-10-29 14:31:00+05:30,2026-10-29 14:31:00+05:30
65,14,11,EVH-2026-000065,CONFIRMED,399.00,0.00,71.82,470.82,,2026-10-29 20:46:00+05:30,2026-10-29 20:46:00+05:30
66,15,12,EVH-2026-000066,CANCELLED,2396.00,0.00,431.28,2827.28,,2026-11-17 01:07:00+05:30,2026-11-17 01:07:00+05:30
67,16,13,EVH-2026-000067,CONFIRMED,2499.00,0.00,449.82,2948.82,,2026-11-25 17:05:00+05:30,2026-11-25 17:05:00+05:30
68,17,14,EVH-2026-000068,CONFIRMED,2396.00,50.00,422.28,2768.28,,2026-11-25 20:10:00+05:30,2026-11-25 20:10:00+05:30
69,18,15,EVH-2026-000069,CONFIRMED,399.00,0.00,71.82,470.82,,2026-12-16 01:23:00+05:30,2026-12-16 01:23:00+05:30
70,19,16,EVH-2026-000070,PENDING_PAYMENT,2396.00,0.00,431.28,2827.28,2026-12-24 21:48:00+05:30,2026-12-24 21:33:00+05:30,2026-12-24 21:33:00+05:30
71,20,17,EVH-2026-000071,CONFIRMED,2499.00,0.00,449.82,2948.82,,2027-01-01 01:02:00+05:30,2027-01-01 01:02:00+05:30
72,21,18,EVH-2026-000072,CONFIRMED,2396.00,50.00,422.28,2768.28,,2027-01-02 01:53:00+05:30,2027-01-02 01:53:00+05:30
73,22,19,EVH-2026-000073,CONFIRMED,2499.00,0.00,449.82,2948.82,,2027-01-14 20:25:00+05:30,2027-01-14 20:25:00+05:30
74,23,20,EVH-2026-000074,CONFIRMED,3798.00,0.00,683.64,4481.64,,2027-01-18 19:59:00+05:30,2027-01-18 19:59:00+05:30
75,24,21,EVH-2026-000075,EXPIRED,399.00,0.00,71.82,470.82,,2027-01-22 03:13:00+05:30,2027-01-22 03:13:00+05:30
76,25,22,EVH-2026-000076,CONFIRMED,2396.00,50.00,422.28,2768.28,,2027-02-09 17:40:00+05:30,2027-02-09 17:40:00+05:30
77,26,23,EVH-2026-000077,CANCELLED,2499.00,0.00,449.82,2948.82,,2027-02-21 22:27:00+05:30,2027-02-21 22:27:00+05:30
78,27,24,EVH-2026-000078,CONFIRMED,3798.00,0.00,683.64,4481.64,,2027-03-05 20:22:00+05:30,2027-03-05 20:22:00+05:30
79,28,25,EVH-2026-000079,CONFIRMED,2499.00,0.00,449.82,2948.82,,2027-03-12 00:41:00+05:30,2027-03-12 00:41:00+05:30
80,29,26,EVH-2026-000080,REFUNDED,2396.00,50.00,422.28,2768.28,,2027-03-17 20:04:00+05:30,2027-03-17 20:04:00+05:30
81,30,27,EVH-2026-000081,CONFIRMED,399.00,0.00,71.82,470.82,,2027-03-25 17:15:00+05:30,2027-03-25 17:15:00+05:30
82,31,1,EVH-2026-000082,CONFIRMED,2396.00,0.00,431.28,2827.28,,2026-05-28 22:43:00+05:30,2026-05-28 22:43:00+05:30
83,32,2,EVH-2026-000083,CONFIRMED,2499.00,0.00,449.82,2948.82,,2026-05-29 23:03:00+05:30,2026-05-29 23:03:00+05:30
84,33,3,EVH-2026-000084,CONFIRMED,3798.00,50.00,674.64,4422.64,,2026-06-23 17:16:00+05:30,2026-06-23 17:16:00+05:30
85,34,4,EVH-2026-000085,CONFIRMED,399.00,0.00,71.82,470.82,,2026-06-28 15:17:00+05:30,2026-06-28 15:17:00+05:30
86,35,5,EVH-2026-000086,CONFIRMED,3798.00,0.00,683.64,4481.64,,2026-07-16 18:48:00+05:30,2026-07-16 18:48:00+05:30
87,36,6,EVH-2026-000087,CONFIRMED,399.00,0.00,71.82,470.82,,2026-07-30 20:42:00+05:30,2026-07-30 20:42:00+05:30
88,37,7,EVH-2026-000088,CONFIRMED,2396.00,50.00,422.28,2768.28,,2026-07-29 20:52:00+05:30,2026-07-29 20:52:00+05:30
89,38,8,EVH-2026-000089,CONFIRMED,2499.00,0.00,449.82,2948.82,,2026-09-29 22:39:00+05:30,2026-09-29 22:39:00+05:30
90,39,9,EVH-2026-000090,EXPIRED,3798.00,0.00,683.64,4481.64,,2026-10-30 16:02:00+05:30,2026-10-30 16:02:00+05:30
91,40,10,EVH-2026-000091,PENDING_PAYMENT,2499.00,0.00,449.82,2948.82,2026-11-05 19:49:00+05:30,2026-11-05 19:34:00+05:30,2026-11-05 19:34:00+05:30
92,41,11,EVH-2026-000092,CONFIRMED,2396.00,50.00,422.28,2768.28,,2026-11-02 18:43:00+05:30,2026-11-02 18:43:00+05:30
93,42,12,EVH-2026-000093,CONFIRMED,399.00,0.00,71.82,470.82,,2026-11-13 16:36:00+05:30,2026-11-13 16:36:00+05:30
94,43,13,EVH-2026-000094,CONFIRMED,3798.00,0.00,683.64,4481.64,,2026-11-12 16:25:00+05:30,2026-11-12 16:25:00+05:30
95,44,14,EVH-2026-000095,CONFIRMED,399.00,0.00,71.82,470.82,,2026-11-21 19:09:00+05:30,2026-11-21 19:09:00+05:30
96,45,15,EVH-2026-000096,CONFIRMED,2396.00,50.00,422.28,2768.28,,2026-12-13 20:00:00+05:30,2026-12-13 20:00:00+05:30
97,14,16,EVH-2026-000097,CONFIRMED,399.00,0.00,71.82,470.82,,2026-12-28 23:03:00+05:30,2026-12-28 23:03:00+05:30
98,15,17,EVH-2026-000098,PENDING_PAYMENT,3798.00,0.00,683.64,4481.64,2026-12-28 01:37:00+05:30,2026-12-28 01:22:00+05:30,2026-12-28 01:22:00+05:30
99,16,18,EVH-2026-000099,CANCELLED,399.00,0.00,71.82,470.82,,2026-12-30 23:52:00+05:30,2026-12-30 23:52:00+05:30
100,17,19,EVH-2026-000100,REFUNDED,3798.00,50.00,674.64,4422.64,,2027-01-20 16:19:00+05:30,2027-01-20 16:19:00+05:30
101,18,20,EVH-2026-000101,CONFIRMED,2499.00,0.00,449.82,2948.82,,2027-01-28 03:01:00+05:30,2027-01-28 03:01:00+05:30
102,19,21,EVH-2026-000102,CONFIRMED,2396.00,0.00,431.28,2827.28,,2027-01-29 03:12:00+05:30,2027-01-29 03:12:00+05:30
103,20,22,EVH-2026-000103,CONFIRMED,399.00,0.00,71.82,470.82,,2027-02-13 19:57:00+05:30,2027-02-13 19:57:00+05:30
104,21,23,EVH-2026-000104,CONFIRMED,3798.00,50.00,674.64,4422.64,,2027-02-16 02:12:00+05:30,2027-02-16 02:12:00+05:30
105,22,24,EVH-2026-000105,EXPIRED,2499.00,0.00,449.82,2948.82,,2027-02-21 19:41:00+05:30,2027-02-21 19:41:00+05:30
106,23,25,EVH-2026-000106,CONFIRMED,3798.00,0.00,683.64,4481.64,,2027-03-07 02:59:00+05:30,2027-03-07 02:59:00+05:30
107,24,26,EVH-2026-000107,CONFIRMED,399.00,0.00,71.82,470.82,,2027-03-16 03:20:00+05:30,2027-03-16 03:20:00+05:30
108,25,27,EVH-2026-000108,CONFIRMED,2396.00,50.00,422.28,2768.28,,2027-03-21 03:07:00+05:30,2027-03-21 03:07:00+05:30
109,26,1,EVH-2026-000109,CONFIRMED,399.00,0.00,71.82,470.82,,2026-05-22 16:58:00+05:30,2026-05-22 16:58:00+05:30
110,27,2,EVH-2026-000110,CONFIRMED,3798.00,0.00,683.64,4481.64,,2026-05-28 18:51:00+05:30,2026-05-28 18:51:00+05:30
