id,booking_id,ticket_type_id,quantity,unit_price,subtotal
1,1,1,1,399.00,399.00
2,2,3,1,2499.00,2499.00
3,2,4,1,1299.00,1299.00
4,3,6,1,2499.00,2499.00
5,4,9,2,399.00,798.00
6,4,10,2,799.00,1598.00
7,5,12,1,2499.00,2499.00
8,6,15,2,399.00,798.00
9,6,16,2,799.00,1598.00
10,7,17,1,399.00,399.00
11,8,19,1,2499.00,2499.00
12,8,20,1,1299.00,1299.00
13,9,22,1,2499.00,2499.00
14,10,25,1,2499.00,2499.00
15,10,26,1,1299.00,1299.00
16,11,28,1,399.00,399.00
17,12,31,2,399.00,798.00
18,12,32,2,799.00,1598.00
19,13,34,1,2499.00,2499.00
20,14,37,2,399.00,798.00
21,14,38,2,799.00,1598.00
22,15,40,1,399.00,399.00
23,16,42,2,399.00,798.00
24,16,43,2,799.00,1598.00
25,17,45,1,2499.00,2499.00
26,18,48,2,399.00,798.00
27,18,49,2,799.00,1598.00
28,19,50,1,2499.00,2499.00
29,20,53,1,2499.00,2499.00
30,20,54,1,1299.00,1299.00
31,21,56,1,399.00,399.00
32,22,59,2,399.00,798.00
33,22,60,2,799.00,1598.00
34,23,62,1,2499.00,2499.00
35,24,65,1,2499.00,2499.00
36,24,66,1,1299.00,1299.00
37,25,68,1,2499.00,2499.00
38,26,71,2,399.00,798.00
39,26,72,2,799.00,1598.00
40,27,73,1,399.00,399.00
41,28,1,2,399.00,798.00
42,28,2,2,799.00,1598.00
43,29,3,1,2499.00,2499.00
44,30,6,1,2499.00,2499.00
45,30,7,1,1299.00,1299.00
46,31,9,1,399.00,399.00
47,32,12,1,2499.00,2499.00
48,32,13,1,1299.00,1299.00
49,33,15,1,399.00,399.00
50,34,17,2,399.00,798.00
51,34,18,2,799.00,1598.00
52,35,19,1,2499.00,2499.00
53,36,22,1,2499.00,2499.00
54,36,23,1,1299.00,1299.00
55,37,25,1,2499.00,2499.00
56,38,28,2,399.00,798.00
57,38,29,2,799.00,1598.00
58,39,31,1,399.00,399.00
59,40,34,1,2499.00,2499.00
60,40,35,1,1299.00,1299.00
61,41,37,1,399.00,399.00
62,42,40,2,399.00,798.00
63,42,41,2,799.00,1598.00
64,43,42,1,399.00,399.00
65,44,45,1,2499.00,2499.00
66,44,46,1,1299.00,1299.00
67,45,48,1,399.00,399.00
68,46,50,1,2499.00,2499.00
69,46,51,1,1299.00,1299.00
70,47,53,1,2499.00,2499.00
71,48,56,2,399.00,798.00
72,48,57,2,799.00,1598.00
73,49,59,1,399.00,399.00
74,50,62,1,2499.00,2499.00
75,50,63,1,1299.00,1299.00
76,51,65,1,2499.00,2499.00
77,52,68,1,2499.00,2499.00
78,52,69,1,1299.00,1299.00
79,53,71,1,399.00,399.00
80,54,73,2,399.00,798.00
81,54,74,2,799.00,1598.00
82,55,1,1,399.00,399.00
83,56,3,1,2499.00,2499.00
84,56,4,1,1299.00,1299.00
85,57,6,1,2499.00,2499.00
86,58,9,2,399.00,798.00
87,58,10,2,799.00,1598.00
88,59,12,1,2499.00,2499.00
89,60,15,2,399.00,798.00
90,60,16,2,799.00,1598.00
91,61,17,1,399.00,399.00
92,62,19,1,2499.00,2499.00
93,62,20,1,1299.00,1299.00
94,63,22,1,2499.00,2499.00
95,64,25,1,2499.00,2499.00
96,64,26,1,1299.00,1299.00
97,65,28,1,399.00,399.00
98,66,31,2,399.00,798.00
99,66,32,2,799.00,1598.00
100,67,34,1,2499.00,2499.00
101,68,37,2,399.00,798.00
102,68,38,2,799.00,1598.00
103,69,40,1,399.00,399.00
104,70,42,2,399.00,798.00
105,70,43,2,799.00,1598.00
106,71,45,1,2499.00,2499.00
107,72,48,2,399.00,798.00
108,72,49,2,799.00,1598.00
109,73,50,1,2499.00,2499.00
110,74,53,1,2499.00,2499.00
111,74,54,1,1299.00,1299.00
112,75,56,1,399.00,399.00
113,76,59,2,399.00,798.00
114,76,60,2,799.00,1598.00
115,77,62,1,2499.00,2499.00
116,78,65,1,2499.00,2499.00
117,78,66,1,1299.00,1299.00
118,79,68,1,2499.00,2499.00
119,80,71,2,399.00,798.00
120,80,72,2,799.00,1598.00
121,81,73,1,399.00,399.00
122,82,1,2,399.00,798.00
123,82,2,2,799.00,1598.00
124,83,3,1,2499.00,2499.00
125,84,6,1,2499.00,2499.00
126,84,7,1,1299.00,1299.00
127,85,9,1,399.00,399.00
128,86,12,1,2499.00,2499.00
129,86,13,1,1299.00,1299.00
130,87,15,1,399.00,399.00
131,88,17,2,399.00,798.00
132,88,18,2,799.00,1598.00
133,89,19,1,2499.00,2499.00
134,90,22,1,2499.00,2499.00
135,90,23,1,1299.00,1299.00
136,91,25,1,2499.00,2499.00
137,92,28,2,399.00,798.00
138,92,29,2,799.00,1598.00
139,93,31,1,399.00,399.00
140,94,34,1,2499.00,2499.00
141,94,35,1,1299.00,1299.00
142,95,37,1,399.00,399.00
143,96,40,2,399.00,798.00
144,96,41,2,799.00,1598.00
145,97,42,1,399.00,399.00
146,98,45,1,2499.00,2499.00
147,98,46,1,1299.00,1299.00
148,99,48,1,399.00,399.00
149,100,50,1,2499.00,2499.00
150,100,51,1,1299.00,1299.00
151,101,53,1,2499.00,2499.00
152,102,56,2,399.00,798.00
153,102,57,2,799.00,1598.00
154,103,59,1,399.00,399.00
155,104,62,1,2499.00,2499.00
156,104,63,1,1299.00,1299.00
157,105,65,1,2499.00,2499.00
158,106,68,1,2499.00,2499.00
159,106,69,1,1299.00,1299.00
160,107,71,1,399.00,399.00
161,108,73,2,399.00,798.00
162,108,74,2,799.00,1598.00
163,109,1,1,399.00,399.00
164,110,3,1,2499.00,2499.00
165,110,4,1,1299.00,1299.00
