id,name,description,created_at
1,Music,"Concerts, acoustic sessions, symphony performances, and music festivals.",2026-04-13 15:30:00+05:30
2,Technology,"Developer conferences, AI hackathons, cloud summits, and tech expos.",2026-04-13 15:30:00+05:30
3,Sports,"Marathons, football championships, cricket tournaments, and fitness expos.",2026-04-13 15:30:00+05:30
4,Education,"Academic seminars, competitive research symposiums, and college fairs.",2026-04-13 15:30:00+05:30
5,Business,"Investor roundtables, startup pitch fests, and corporate conferences.",2026-04-13 15:30:00+05:30
6,Comedy,"Stand-up specials, improv nights, and open mic comedy showcases.",2026-04-13 15:30:00+05:30
7,Workshop,"Skill-building masterclasses, creative writing, and design sprints.",2026-04-13 15:30:00+05:30
8,Festival,"Multi-day cultural celebrations, food fiestas, and seasonal carnivals.",2026-04-13 15:30:00+05:30
9,Gaming,"Competitive esports leagues, video game showcases, and board game galas.",2026-04-13 15:30:00+05:30
10,Networking,"Professional mixer evenings, alumni reunions, and career meetups.",2026-04-13 15:30:00+05:30
