id,event_id,venue_seat_id,status,hold_expires_at,held_by_booking_id
1,2,1,BOOKED,,
2,2,2,BOOKED,,
3,2,3,BOOKED,,
4,2,4,BOOKED,,
5,2,5,BOOKED,,
6,2,6,AVAILABLE,,
7,2,7,AVAILABLE,,
8,2,8,AVAILABLE,,
9,2,9,AVAILABLE,,
10,2,10,AVAILABLE,,
11,2,11,AVAILABLE,,
12,2,12,AVAILABLE,,
13,2,13,AVAILABLE,,
14,2,14,AVAILABLE,,
15,2,15,AVAILABLE,,
16,2,16,AVAILABLE,,
17,2,17,AVAILABLE,,
18,2,18,AVAILABLE,,
19,2,19,AVAILABLE,,
20,2,20,AVAILABLE,,
21,2,21,BOOKED,,
22,2,22,BOOKED,,
23,2,23,BOOKED,,
24,2,24,AVAILABLE,,
25,2,25,AVAILABLE,,
26,2,26,AVAILABLE,,
27,2,27,AVAILABLE,,
28,2,28,AVAILABLE,,
29,2,29,AVAILABLE,,
30,2,30,AVAILABLE,,
31,2,31,AVAILABLE,,
32,2,32,AVAILABLE,,
33,2,33,AVAILABLE,,
34,2,34,AVAILABLE,,
35,2,35,AVAILABLE,,
36,2,36,AVAILABLE,,
37,2,37,AVAILABLE,,
38,2,38,AVAILABLE,,
39,2,39,AVAILABLE,,
40,2,40,AVAILABLE,,
41,2,41,AVAILABLE,,
42,2,42,AVAILABLE,,
43,2,43,AVAILABLE,,
44,2,44,AVAILABLE,,
45,2,45,AVAILABLE,,
46,2,46,AVAILABLE,,
47,2,47,AVAILABLE,,
48,2,48,AVAILABLE,,
49,2,49,AVAILABLE,,
50,2,50,AVAILABLE,,
51,2,51,AVAILABLE,,
52,2,52,AVAILABLE,,
53,2,53,AVAILABLE,,
54,2,54,AVAILABLE,,
55,2,55,AVAILABLE,,
56,2,56,AVAILABLE,,
57,2,57,AVAILABLE,,
58,2,58,AVAILABLE,,
59,2,59,AVAILABLE,,
60,2,60,AVAILABLE,,
61,2,61,AVAILABLE,,
62,2,62,AVAILABLE,,
63,2,63,AVAILABLE,,
64,2,64,AVAILABLE,,
65,2,65,AVAILABLE,,
66,2,66,AVAILABLE,,
67,2,67,AVAILABLE,,
68,2,68,AVAILABLE,,
69,2,69,AVAILABLE,,
70,2,70,AVAILABLE,,
71,2,71,AVAILABLE,,
72,2,72,AVAILABLE,,
73,2,73,AVAILABLE,,
74,2,74,AVAILABLE,,
75,2,75,AVAILABLE,,
76,2,76,AVAILABLE,,
77,2,77,AVAILABLE,,
78,2,78,AVAILABLE,,
79,2,79,AVAILABLE,,
80,2,80,AVAILABLE,,
81,2,81,AVAILABLE,,
82,2,82,AVAILABLE,,
83,2,83,AVAILABLE,,
84,2,84,AVAILABLE,,
85,2,85,AVAILABLE,,
86,2,86,AVAILABLE,,
87,2,87,AVAILABLE,,
88,2,88,AVAILABLE,,
89,2,89,AVAILABLE,,
90,2,90,AVAILABLE,,
91,2,91,AVAILABLE,,
92,2,92,AVAILABLE,,
93,2,93,AVAILABLE,,
94,2,94,AVAILABLE,,
95,2,95,AVAILABLE,,
96,2,96,AVAILABLE,,
97,2,97,AVAILABLE,,
98,2,98,AVAILABLE,,
99,2,99,AVAILABLE,,
100,2,100,AVAILABLE,,
101,2,101,AVAILABLE,,
102,2,102,AVAILABLE,,
103,2,103,AVAILABLE,,
104,2,104,AVAILABLE,,
105,3,417,BOOKED,,
106,3,418,BOOKED,,
107,3,419,BOOKED,,
108,3,420,BOOKED,,
109,3,421,AVAILABLE,,
110,3,422,AVAILABLE,,
111,3,423,AVAILABLE,,
112,3,424,AVAILABLE,,
113,3,425,AVAILABLE,,
114,3,426,AVAILABLE,,
115,3,427,AVAILABLE,,
116,3,428,AVAILABLE,,
117,3,429,AVAILABLE,,
118,3,430,AVAILABLE,,
119,3,431,AVAILABLE,,
120,3,432,AVAILABLE,,
121,3,433,AVAILABLE,,
122,3,434,AVAILABLE,,
123,3,435,AVAILABLE,,
124,3,436,AVAILABLE,,
125,3,437,BOOKED,,
126,3,438,BOOKED,,
127,3,439,AVAILABLE,,
128,3,440,AVAILABLE,,
129,3,441,AVAILABLE,,
130,3,442,AVAILABLE,,
131,3,443,AVAILABLE,,
132,3,444,AVAILABLE,,
133,3,445,AVAILABLE,,
134,3,446,AVAILABLE,,
135,3,447,AVAILABLE,,
136,3,448,AVAILABLE,,
137,3,449,AVAILABLE,,
138,3,450,AVAILABLE,,
139,3,451,AVAILABLE,,
140,3,452,AVAILABLE,,
141,3,453,AVAILABLE,,
142,3,454,AVAILABLE,,
143,3,455,AVAILABLE,,
144,3,456,AVAILABLE,,
145,3,457,AVAILABLE,,
146,3,458,AVAILABLE,,
147,3,459,AVAILABLE,,
148,3,460,AVAILABLE,,
149,3,461,AVAILABLE,,
150,3,462,AVAILABLE,,
151,3,463,AVAILABLE,,
152,3,464,AVAILABLE,,
153,3,465,AVAILABLE,,
154,3,466,AVAILABLE,,
155,3,467,AVAILABLE,,
156,3,468,AVAILABLE,,
157,3,469,AVAILABLE,,
158,3,470,AVAILABLE,,
159,3,471,AVAILABLE,,
160,3,472,AVAILABLE,,
161,3,473,AVAILABLE,,
162,3,474,AVAILABLE,,
163,3,475,AVAILABLE,,
164,3,476,AVAILABLE,,
165,3,477,AVAILABLE,,
166,3,478,AVAILABLE,,
167,3,479,AVAILABLE,,
168,3,480,AVAILABLE,,
169,3,481,AVAILABLE,,
170,3,482,AVAILABLE,,
171,3,483,AVAILABLE,,
172,3,484,AVAILABLE,,
173,3,485,AVAILABLE,,
174,3,486,AVAILABLE,,
175,3,487,AVAILABLE,,
176,3,488,AVAILABLE,,
177,3,489,AVAILABLE,,
178,3,490,AVAILABLE,,
179,3,491,AVAILABLE,,
180,3,492,AVAILABLE,,
181,3,493,AVAILABLE,,
182,3,494,AVAILABLE,,
183,3,495,AVAILABLE,,
184,3,496,AVAILABLE,,
185,3,497,AVAILABLE,,
186,3,498,AVAILABLE,,
187,3,499,AVAILABLE,,
188,3,500,AVAILABLE,,
189,3,501,AVAILABLE,,
190,3,502,AVAILABLE,,
191,3,503,AVAILABLE,,
192,3,504,AVAILABLE,,
193,3,505,AVAILABLE,,
194,3,506,AVAILABLE,,
195,3,507,AVAILABLE,,
196,3,508,AVAILABLE,,
197,3,509,AVAILABLE,,
198,3,510,AVAILABLE,,
199,3,511,AVAILABLE,,
200,3,512,AVAILABLE,,
201,3,513,AVAILABLE,,
202,3,514,AVAILABLE,,
203,3,515,AVAILABLE,,
204,3,516,AVAILABLE,,
205,3,517,AVAILABLE,,
206,3,518,AVAILABLE,,
207,3,519,AVAILABLE,,
208,3,520,AVAILABLE,,
209,5,105,BOOKED,,
210,5,106,BOOKED,,
211,5,107,BOOKED,,
212,5,108,BOOKED,,
213,5,109,AVAILABLE,,
214,5,110,AVAILABLE,,
215,5,111,AVAILABLE,,
216,5,112,AVAILABLE,,
217,5,113,AVAILABLE,,
218,5,114,AVAILABLE,,
219,5,115,AVAILABLE,,
220,5,116,AVAILABLE,,
221,5,117,AVAILABLE,,
222,5,118,AVAILABLE,,
223,5,119,AVAILABLE,,
224,5,120,AVAILABLE,,
225,5,121,AVAILABLE,,
226,5,122,AVAILABLE,,
227,5,123,AVAILABLE,,
228,5,124,AVAILABLE,,
229,5,125,BOOKED,,
230,5,126,BOOKED,,
231,5,127,AVAILABLE,,
232,5,128,AVAILABLE,,
233,5,129,AVAILABLE,,
234,5,130,AVAILABLE,,
235,5,131,AVAILABLE,,
236,5,132,AVAILABLE,,
237,5,133,AVAILABLE,,
238,5,134,AVAILABLE,,
239,5,135,AVAILABLE,,
240,5,136,AVAILABLE,,
241,5,137,AVAILABLE,,
242,5,138,AVAILABLE,,
243,5,139,AVAILABLE,,
244,5,140,AVAILABLE,,
245,5,141,AVAILABLE,,
246,5,142,AVAILABLE,,
247,5,143,AVAILABLE,,
248,5,144,AVAILABLE,,
249,5,145,AVAILABLE,,
250,5,146,AVAILABLE,,
251,5,147,AVAILABLE,,
252,5,148,AVAILABLE,,
253,5,149,AVAILABLE,,
254,5,150,AVAILABLE,,
255,5,151,AVAILABLE,,
256,5,152,AVAILABLE,,
257,5,153,AVAILABLE,,
258,5,154,AVAILABLE,,
259,5,155,AVAILABLE,,
260,5,156,AVAILABLE,,
261,5,157,AVAILABLE,,
262,5,158,AVAILABLE,,
263,5,159,AVAILABLE,,
264,5,160,AVAILABLE,,
265,5,161,AVAILABLE,,
266,5,162,AVAILABLE,,
267,5,163,AVAILABLE,,
268,5,164,AVAILABLE,,
269,5,165,AVAILABLE,,
270,5,166,AVAILABLE,,
271,5,167,AVAILABLE,,
272,5,168,AVAILABLE,,
273,5,169,AVAILABLE,,
274,5,170,AVAILABLE,,
275,5,171,AVAILABLE,,
276,5,172,AVAILABLE,,
277,5,173,AVAILABLE,,
278,5,174,AVAILABLE,,
279,5,175,AVAILABLE,,
280,5,176,AVAILABLE,,
281,5,177,AVAILABLE,,
282,5,178,AVAILABLE,,
283,5,179,AVAILABLE,,
284,5,180,AVAILABLE,,
285,5,181,AVAILABLE,,
286,5,182,AVAILABLE,,
287,5,183,AVAILABLE,,
288,5,184,AVAILABLE,,
289,5,185,AVAILABLE,,
290,5,186,AVAILABLE,,
291,5,187,AVAILABLE,,
292,5,188,AVAILABLE,,
293,5,189,AVAILABLE,,
294,5,190,AVAILABLE,,
295,5,191,AVAILABLE,,
296,5,192,AVAILABLE,,
297,5,193,AVAILABLE,,
298,5,194,AVAILABLE,,
299,5,195,AVAILABLE,,
300,5,196,AVAILABLE,,
301,5,197,AVAILABLE,,
302,5,198,AVAILABLE,,
303,5,199,AVAILABLE,,
304,5,200,AVAILABLE,,
305,5,201,AVAILABLE,,
306,5,202,AVAILABLE,,
307,5,203,AVAILABLE,,
308,5,204,AVAILABLE,,
309,5,205,AVAILABLE,,
310,5,206,AVAILABLE,,
311,5,207,AVAILABLE,,
312,5,208,AVAILABLE,,
313,8,209,BOOKED,,
314,8,210,BOOKED,,
315,8,211,BOOKED,,
316,8,212,AVAILABLE,,
317,8,213,AVAILABLE,,
318,8,214,AVAILABLE,,
319,8,215,AVAILABLE,,
320,8,216,AVAILABLE,,
321,8,217,AVAILABLE,,
322,8,218,AVAILABLE,,
323,8,219,AVAILABLE,,
324,8,220,AVAILABLE,,
325,8,221,AVAILABLE,,
326,8,222,AVAILABLE,,
327,8,223,AVAILABLE,,
328,8,224,AVAILABLE,,
329,8,225,AVAILABLE,,
330,8,226,AVAILABLE,,
331,8,227,AVAILABLE,,
332,8,228,AVAILABLE,,
333,8,229,BOOKED,,
334,8,230,BOOKED,,
335,8,231,AVAILABLE,,
336,8,232,AVAILABLE,,
337,8,233,AVAILABLE,,
338,8,234,AVAILABLE,,
339,8,235,AVAILABLE,,
340,8,236,AVAILABLE,,
341,8,237,AVAILABLE,,
342,8,238,AVAILABLE,,
343,8,239,AVAILABLE,,
344,8,240,AVAILABLE,,
345,8,241,AVAILABLE,,
346,8,242,AVAILABLE,,
347,8,243,AVAILABLE,,
348,8,244,AVAILABLE,,
349,8,245,AVAILABLE,,
350,8,246,AVAILABLE,,
351,8,247,AVAILABLE,,
352,8,248,AVAILABLE,,
353,8,249,AVAILABLE,,
354,8,250,AVAILABLE,,
355,8,251,AVAILABLE,,
356,8,252,AVAILABLE,,
357,8,253,AVAILABLE,,
358,8,254,AVAILABLE,,
359,8,255,AVAILABLE,,
360,8,256,AVAILABLE,,
361,8,257,AVAILABLE,,
362,8,258,AVAILABLE,,
363,8,259,AVAILABLE,,
364,8,260,AVAILABLE,,
365,8,261,AVAILABLE,,
366,8,262,AVAILABLE,,
367,8,263,AVAILABLE,,
368,8,264,AVAILABLE,,
369,8,265,HELD,2026-10-04 15:07:00+05:30,35
370,8,266,AVAILABLE,,
371,8,267,AVAILABLE,,
372,8,268,AVAILABLE,,
373,8,269,AVAILABLE,,
374,8,270,AVAILABLE,,
375,8,271,AVAILABLE,,
376,8,272,AVAILABLE,,
377,8,273,AVAILABLE,,
378,8,274,AVAILABLE,,
379,8,275,AVAILABLE,,
380,8,276,AVAILABLE,,
381,8,277,AVAILABLE,,
382,8,278,AVAILABLE,,
383,8,279,AVAILABLE,,
384,8,280,AVAILABLE,,
385,8,281,AVAILABLE,,
386,8,282,AVAILABLE,,
387,8,283,AVAILABLE,,
388,8,284,AVAILABLE,,
389,8,285,AVAILABLE,,
390,8,286,AVAILABLE,,
391,8,287,AVAILABLE,,
392,8,288,AVAILABLE,,
393,8,289,AVAILABLE,,
394,8,290,AVAILABLE,,
395,8,291,AVAILABLE,,
396,8,292,AVAILABLE,,
397,8,293,AVAILABLE,,
398,8,294,AVAILABLE,,
399,8,295,AVAILABLE,,
400,8,296,AVAILABLE,,
401,8,297,AVAILABLE,,
402,8,298,AVAILABLE,,
403,8,299,AVAILABLE,,
404,8,300,AVAILABLE,,
405,8,301,AVAILABLE,,
406,8,302,AVAILABLE,,
407,8,303,AVAILABLE,,
408,8,304,AVAILABLE,,
409,8,305,AVAILABLE,,
410,8,306,AVAILABLE,,
411,8,307,AVAILABLE,,
412,8,308,AVAILABLE,,
413,8,309,AVAILABLE,,
414,8,310,AVAILABLE,,
415,8,311,AVAILABLE,,
416,8,312,AVAILABLE,,
417,9,1,BOOKED,,
418,9,2,BOOKED,,
419,9,3,AVAILABLE,,
420,9,4,AVAILABLE,,
421,9,5,AVAILABLE,,
422,9,6,AVAILABLE,,
423,9,7,AVAILABLE,,
424,9,8,AVAILABLE,,
425,9,9,AVAILABLE,,
426,9,10,AVAILABLE,,
427,9,11,AVAILABLE,,
428,9,12,AVAILABLE,,
429,9,13,AVAILABLE,,
430,9,14,AVAILABLE,,
431,9,15,AVAILABLE,,
432,9,16,AVAILABLE,,
433,9,17,AVAILABLE,,
434,9,18,AVAILABLE,,
435,9,19,AVAILABLE,,
436,9,20,AVAILABLE,,
437,9,21,BOOKED,,
438,9,22,AVAILABLE,,
439,9,23,AVAILABLE,,
440,9,24,AVAILABLE,,
441,9,25,AVAILABLE,,
442,9,26,AVAILABLE,,
443,9,27,AVAILABLE,,
444,9,28,AVAILABLE,,
445,9,29,AVAILABLE,,
446,9,30,AVAILABLE,,
447,9,31,AVAILABLE,,
448,9,32,AVAILABLE,,
449,9,33,AVAILABLE,,
450,9,34,AVAILABLE,,
451,9,35,AVAILABLE,,
452,9,36,AVAILABLE,,
453,9,37,AVAILABLE,,
454,9,38,AVAILABLE,,
455,9,39,AVAILABLE,,
456,9,40,AVAILABLE,,
457,9,41,AVAILABLE,,
458,9,42,AVAILABLE,,
459,9,43,AVAILABLE,,
460,9,44,AVAILABLE,,
461,9,45,AVAILABLE,,
462,9,46,AVAILABLE,,
463,9,47,AVAILABLE,,
464,9,48,AVAILABLE,,
465,9,49,AVAILABLE,,
466,9,50,AVAILABLE,,
467,9,51,AVAILABLE,,
468,9,52,AVAILABLE,,
469,9,53,AVAILABLE,,
470,9,54,AVAILABLE,,
471,9,55,AVAILABLE,,
472,9,56,AVAILABLE,,
473,9,57,HELD,2026-10-23 02:54:00+05:30,63
474,9,58,AVAILABLE,,
475,9,59,AVAILABLE,,
476,9,60,AVAILABLE,,
477,9,61,AVAILABLE,,
478,9,62,AVAILABLE,,
479,9,63,AVAILABLE,,
480,9,64,AVAILABLE,,
481,9,65,AVAILABLE,,
482,9,66,AVAILABLE,,
483,9,67,AVAILABLE,,
484,9,68,AVAILABLE,,
485,9,69,AVAILABLE,,
486,9,70,AVAILABLE,,
487,9,71,AVAILABLE,,
488,9,72,AVAILABLE,,
489,9,73,AVAILABLE,,
490,9,74,AVAILABLE,,
491,9,75,AVAILABLE,,
492,9,76,AVAILABLE,,
493,9,77,AVAILABLE,,
494,9,78,AVAILABLE,,
495,9,79,AVAILABLE,,
496,9,80,AVAILABLE,,
497,9,81,AVAILABLE,,
498,9,82,AVAILABLE,,
499,9,83,AVAILABLE,,
500,9,84,AVAILABLE,,
501,9,85,AVAILABLE,,
502,9,86,AVAILABLE,,
503,9,87,AVAILABLE,,
504,9,88,AVAILABLE,,
505,9,89,AVAILABLE,,
506,9,90,AVAILABLE,,
507,9,91,AVAILABLE,,
508,9,92,AVAILABLE,,
509,9,93,AVAILABLE,,
510,9,94,AVAILABLE,,
511,9,95,AVAILABLE,,
512,9,96,AVAILABLE,,
513,9,97,AVAILABLE,,
514,9,98,AVAILABLE,,
515,9,99,AVAILABLE,,
516,9,100,AVAILABLE,,
517,9,101,AVAILABLE,,
518,9,102,AVAILABLE,,
519,9,103,AVAILABLE,,
520,9,104,AVAILABLE,,
521,10,313,BOOKED,,
522,10,314,BOOKED,,
523,10,315,BOOKED,,
524,10,316,AVAILABLE,,
525,10,317,AVAILABLE,,
526,10,318,AVAILABLE,,
527,10,319,AVAILABLE,,
528,10,320,AVAILABLE,,
529,10,321,AVAILABLE,,
530,10,322,AVAILABLE,,
531,10,323,AVAILABLE,,
532,10,324,AVAILABLE,,
533,10,325,AVAILABLE,,
534,10,326,AVAILABLE,,
535,10,327,AVAILABLE,,
536,10,328,AVAILABLE,,
537,10,329,AVAILABLE,,
538,10,330,AVAILABLE,,
539,10,331,AVAILABLE,,
540,10,332,AVAILABLE,,
541,10,333,BOOKED,,
542,10,334,BOOKED,,
543,10,335,AVAILABLE,,
544,10,336,AVAILABLE,,
545,10,337,AVAILABLE,,
546,10,338,AVAILABLE,,
547,10,339,AVAILABLE,,
548,10,340,AVAILABLE,,
549,10,341,AVAILABLE,,
550,10,342,AVAILABLE,,
551,10,343,AVAILABLE,,
552,10,344,AVAILABLE,,
553,10,345,AVAILABLE,,
554,10,346,AVAILABLE,,
555,10,347,AVAILABLE,,
556,10,348,AVAILABLE,,
557,10,349,AVAILABLE,,
558,10,350,AVAILABLE,,
559,10,351,AVAILABLE,,
560,10,352,AVAILABLE,,
561,10,353,AVAILABLE,,
562,10,354,AVAILABLE,,
563,10,355,AVAILABLE,,
564,10,356,AVAILABLE,,
565,10,357,AVAILABLE,,
566,10,358,AVAILABLE,,
567,10,359,AVAILABLE,,
568,10,360,AVAILABLE,,
569,10,361,AVAILABLE,,
570,10,362,AVAILABLE,,
571,10,363,AVAILABLE,,
572,10,364,AVAILABLE,,
573,10,365,AVAILABLE,,
574,10,366,AVAILABLE,,
575,10,367,AVAILABLE,,
576,10,368,AVAILABLE,,
577,10,369,HELD,2026-11-05 19:49:00+05:30,91
578,10,370,AVAILABLE,,
579,10,371,AVAILABLE,,
580,10,372,AVAILABLE,,
581,10,373,AVAILABLE,,
582,10,374,AVAILABLE,,
583,10,375,AVAILABLE,,
584,10,376,AVAILABLE,,
585,10,377,AVAILABLE,,
586,10,378,AVAILABLE,,
587,10,379,AVAILABLE,,
588,10,380,AVAILABLE,,
589,10,381,AVAILABLE,,
590,10,382,AVAILABLE,,
591,10,383,AVAILABLE,,
592,10,384,AVAILABLE,,
593,10,385,AVAILABLE,,
594,10,386,AVAILABLE,,
595,10,387,AVAILABLE,,
596,10,388,AVAILABLE,,
597,10,389,AVAILABLE,,
598,10,390,AVAILABLE,,
599,10,391,AVAILABLE,,
600,10,392,AVAILABLE,,
601,10,393,AVAILABLE,,
602,10,394,AVAILABLE,,
603,10,395,AVAILABLE,,
604,10,396,AVAILABLE,,
605,10,397,AVAILABLE,,
606,10,398,AVAILABLE,,
607,10,399,AVAILABLE,,
608,10,400,AVAILABLE,,
609,10,401,AVAILABLE,,
610,10,402,AVAILABLE,,
611,10,403,AVAILABLE,,
612,10,404,AVAILABLE,,
613,10,405,AVAILABLE,,
614,10,406,AVAILABLE,,
615,10,407,AVAILABLE,,
616,10,408,AVAILABLE,,
617,10,409,AVAILABLE,,
618,10,410,AVAILABLE,,
619,10,411,AVAILABLE,,
620,10,412,AVAILABLE,,
621,10,413,AVAILABLE,,
622,10,414,AVAILABLE,,
623,10,415,AVAILABLE,,
624,10,416,AVAILABLE,,
625,13,105,BOOKED,,
626,13,106,BOOKED,,
627,13,107,BOOKED,,
628,13,108,AVAILABLE,,
629,13,109,AVAILABLE,,
630,13,110,AVAILABLE,,
631,13,111,AVAILABLE,,
632,13,112,AVAILABLE,,
633,13,113,AVAILABLE,,
634,13,114,AVAILABLE,,
635,13,115,AVAILABLE,,
636,13,116,AVAILABLE,,
637,13,117,AVAILABLE,,
638,13,118,AVAILABLE,,
639,13,119,AVAILABLE,,
640,13,120,AVAILABLE,,
641,13,121,AVAILABLE,,
642,13,122,AVAILABLE,,
643,13,123,AVAILABLE,,
644,13,124,AVAILABLE,,
645,13,125,BOOKED,,
646,13,126,AVAILABLE,,
647,13,127,AVAILABLE,,
648,13,128,AVAILABLE,,
649,13,129,AVAILABLE,,
650,13,130,AVAILABLE,,
651,13,131,AVAILABLE,,
652,13,132,AVAILABLE,,
653,13,133,AVAILABLE,,
654,13,134,AVAILABLE,,
655,13,135,AVAILABLE,,
656,13,136,AVAILABLE,,
657,13,137,AVAILABLE,,
658,13,138,AVAILABLE,,
659,13,139,AVAILABLE,,
660,13,140,AVAILABLE,,
661,13,141,AVAILABLE,,
662,13,142,AVAILABLE,,
663,13,143,AVAILABLE,,
664,13,144,AVAILABLE,,
665,13,145,AVAILABLE,,
666,13,146,AVAILABLE,,
667,13,147,AVAILABLE,,
668,13,148,AVAILABLE,,
669,13,149,AVAILABLE,,
670,13,150,AVAILABLE,,
671,13,151,AVAILABLE,,
672,13,152,AVAILABLE,,
673,13,153,AVAILABLE,,
674,13,154,AVAILABLE,,
675,13,155,AVAILABLE,,
676,13,156,AVAILABLE,,
677,13,157,AVAILABLE,,
678,13,158,AVAILABLE,,
679,13,159,AVAILABLE,,
680,13,160,AVAILABLE,,
681,13,161,AVAILABLE,,
682,13,162,AVAILABLE,,
683,13,163,AVAILABLE,,
684,13,164,AVAILABLE,,
685,13,165,AVAILABLE,,
686,13,166,AVAILABLE,,
687,13,167,AVAILABLE,,
688,13,168,AVAILABLE,,
689,13,169,AVAILABLE,,
690,13,170,AVAILABLE,,
691,13,171,AVAILABLE,,
692,13,172,AVAILABLE,,
693,13,173,AVAILABLE,,
694,13,174,AVAILABLE,,
695,13,175,AVAILABLE,,
696,13,176,AVAILABLE,,
697,13,177,AVAILABLE,,
698,13,178,AVAILABLE,,
699,13,179,AVAILABLE,,
700,13,180,AVAILABLE,,
701,13,181,AVAILABLE,,
702,13,182,AVAILABLE,,
703,13,183,AVAILABLE,,
704,13,184,AVAILABLE,,
705,13,185,AVAILABLE,,
706,13,186,AVAILABLE,,
707,13,187,AVAILABLE,,
708,13,188,AVAILABLE,,
709,13,189,AVAILABLE,,
710,13,190,AVAILABLE,,
711,13,191,AVAILABLE,,
712,13,192,AVAILABLE,,
713,13,193,AVAILABLE,,
714,13,194,AVAILABLE,,
715,13,195,AVAILABLE,,
716,13,196,AVAILABLE,,
717,13,197,AVAILABLE,,
718,13,198,AVAILABLE,,
719,13,199,AVAILABLE,,
720,13,200,AVAILABLE,,
721,13,201,AVAILABLE,,
722,13,202,AVAILABLE,,
723,13,203,AVAILABLE,,
724,13,204,AVAILABLE,,
725,13,205,AVAILABLE,,
726,13,206,AVAILABLE,,
727,13,207,AVAILABLE,,
728,13,208,AVAILABLE,,
729,17,1,BOOKED,,
730,17,2,BOOKED,,
731,17,3,AVAILABLE,,
732,17,4,AVAILABLE,,
733,17,5,AVAILABLE,,
734,17,6,AVAILABLE,,
735,17,7,AVAILABLE,,
736,17,8,AVAILABLE,,
737,17,9,AVAILABLE,,
738,17,10,AVAILABLE,,
739,17,11,AVAILABLE,,
740,17,12,AVAILABLE,,
741,17,13,AVAILABLE,,
742,17,14,AVAILABLE,,
743,17,15,AVAILABLE,,
744,17,16,AVAILABLE,,
745,17,17,AVAILABLE,,
746,17,18,AVAILABLE,,
747,17,19,AVAILABLE,,
748,17,20,AVAILABLE,,
749,17,21,AVAILABLE,,
750,17,22,AVAILABLE,,
751,17,23,AVAILABLE,,
752,17,24,AVAILABLE,,
753,17,25,AVAILABLE,,
754,17,26,AVAILABLE,,
755,17,27,AVAILABLE,,
756,17,28,AVAILABLE,,
757,17,29,AVAILABLE,,
758,17,30,AVAILABLE,,
759,17,31,AVAILABLE,,
760,17,32,AVAILABLE,,
761,17,33,AVAILABLE,,
762,17,34,AVAILABLE,,
763,17,35,AVAILABLE,,
764,17,36,AVAILABLE,,
765,17,37,AVAILABLE,,
766,17,38,AVAILABLE,,
767,17,39,AVAILABLE,,
768,17,40,AVAILABLE,,
769,17,41,AVAILABLE,,
770,17,42,AVAILABLE,,
771,17,43,AVAILABLE,,
772,17,44,AVAILABLE,,
773,17,45,AVAILABLE,,
774,17,46,AVAILABLE,,
775,17,47,AVAILABLE,,
776,17,48,AVAILABLE,,
777,17,49,AVAILABLE,,
778,17,50,AVAILABLE,,
779,17,51,AVAILABLE,,
780,17,52,AVAILABLE,,
781,17,53,AVAILABLE,,
782,17,54,AVAILABLE,,
783,17,55,AVAILABLE,,
784,17,56,AVAILABLE,,
785,17,57,HELD,2026-12-28 01:37:00+05:30,98
786,17,58,AVAILABLE,,
787,17,59,AVAILABLE,,
788,17,60,AVAILABLE,,
789,17,61,AVAILABLE,,
790,17,62,AVAILABLE,,
791,17,63,AVAILABLE,,
792,17,64,AVAILABLE,,
793,17,65,AVAILABLE,,
794,17,66,AVAILABLE,,
795,17,67,AVAILABLE,,
796,17,68,AVAILABLE,,
797,17,69,AVAILABLE,,
798,17,70,AVAILABLE,,
799,17,71,AVAILABLE,,
800,17,72,AVAILABLE,,
801,17,73,AVAILABLE,,
802,17,74,AVAILABLE,,
803,17,75,AVAILABLE,,
804,17,76,AVAILABLE,,
805,17,77,AVAILABLE,,
806,17,78,AVAILABLE,,
807,17,79,AVAILABLE,,
808,17,80,AVAILABLE,,
809,17,81,AVAILABLE,,
810,17,82,AVAILABLE,,
811,17,83,AVAILABLE,,
812,17,84,AVAILABLE,,
813,17,85,AVAILABLE,,
814,17,86,AVAILABLE,,
815,17,87,AVAILABLE,,
816,17,88,AVAILABLE,,
817,17,89,AVAILABLE,,
818,17,90,AVAILABLE,,
819,17,91,AVAILABLE,,
820,17,92,AVAILABLE,,
821,17,93,AVAILABLE,,
822,17,94,AVAILABLE,,
823,17,95,AVAILABLE,,
824,17,96,AVAILABLE,,
825,17,97,AVAILABLE,,
826,17,98,AVAILABLE,,
827,17,99,AVAILABLE,,
828,17,100,AVAILABLE,,
829,17,101,AVAILABLE,,
830,17,102,AVAILABLE,,
831,17,103,AVAILABLE,,
832,17,104,AVAILABLE,,
833,19,521,BOOKED,,
834,19,522,BOOKED,,
835,19,523,BOOKED,,
836,19,524,AVAILABLE,,
837,19,525,AVAILABLE,,
838,19,526,AVAILABLE,,
839,19,527,AVAILABLE,,
840,19,528,AVAILABLE,,
841,19,529,AVAILABLE,,
842,19,530,AVAILABLE,,
843,19,531,AVAILABLE,,
844,19,532,AVAILABLE,,
845,19,533,AVAILABLE,,
846,19,534,AVAILABLE,,
847,19,535,AVAILABLE,,
848,19,536,AVAILABLE,,
849,19,537,AVAILABLE,,
850,19,538,AVAILABLE,,
851,19,539,AVAILABLE,,
852,19,540,AVAILABLE,,
853,19,541,BOOKED,,
854,19,542,AVAILABLE,,
855,19,543,AVAILABLE,,
856,19,544,AVAILABLE,,
857,19,545,AVAILABLE,,
858,19,546,AVAILABLE,,
859,19,547,AVAILABLE,,
860,19,548,AVAILABLE,,
861,19,549,AVAILABLE,,
862,19,550,AVAILABLE,,
863,19,551,AVAILABLE,,
864,19,552,AVAILABLE,,
865,19,553,AVAILABLE,,
866,19,554,AVAILABLE,,
867,19,555,AVAILABLE,,
868,19,556,AVAILABLE,,
869,19,557,AVAILABLE,,
870,19,558,AVAILABLE,,
871,19,559,AVAILABLE,,
872,19,560,AVAILABLE,,
873,19,561,AVAILABLE,,
874,19,562,AVAILABLE,,
875,19,563,AVAILABLE,,
876,19,564,AVAILABLE,,
877,19,565,AVAILABLE,,
878,19,566,AVAILABLE,,
879,19,567,AVAILABLE,,
880,19,568,AVAILABLE,,
881,19,569,AVAILABLE,,
882,19,570,AVAILABLE,,
883,19,571,AVAILABLE,,
884,19,572,AVAILABLE,,
885,19,573,AVAILABLE,,
886,19,574,AVAILABLE,,
887,19,575,AVAILABLE,,
888,19,576,AVAILABLE,,
889,19,577,AVAILABLE,,
890,19,578,AVAILABLE,,
891,19,579,AVAILABLE,,
892,19,580,AVAILABLE,,
893,19,581,AVAILABLE,,
894,19,582,AVAILABLE,,
895,19,583,AVAILABLE,,
896,19,584,AVAILABLE,,
897,19,585,AVAILABLE,,
898,19,586,AVAILABLE,,
899,19,587,AVAILABLE,,
900,19,588,AVAILABLE,,
901,19,589,AVAILABLE,,
902,19,590,AVAILABLE,,
903,19,591,AVAILABLE,,
904,19,592,AVAILABLE,,
905,19,593,AVAILABLE,,
906,19,594,AVAILABLE,,
907,19,595,AVAILABLE,,
908,19,596,AVAILABLE,,
909,19,597,AVAILABLE,,
910,19,598,AVAILABLE,,
911,19,599,AVAILABLE,,
912,19,600,AVAILABLE,,
913,19,601,AVAILABLE,,
914,19,602,AVAILABLE,,
915,19,603,AVAILABLE,,
916,19,604,AVAILABLE,,
917,19,605,AVAILABLE,,
918,19,606,AVAILABLE,,
919,19,607,AVAILABLE,,
920,19,608,AVAILABLE,,
921,19,609,AVAILABLE,,
922,19,610,AVAILABLE,,
923,19,611,AVAILABLE,,
924,19,612,AVAILABLE,,
925,19,613,AVAILABLE,,
926,19,614,AVAILABLE,,
927,19,615,AVAILABLE,,
928,19,616,AVAILABLE,,
929,19,617,AVAILABLE,,
930,19,618,AVAILABLE,,
931,19,619,AVAILABLE,,
932,19,620,AVAILABLE,,
933,19,621,AVAILABLE,,
934,19,622,AVAILABLE,,
935,19,623,AVAILABLE,,
936,19,624,AVAILABLE,,
937,20,417,BOOKED,,
938,20,418,BOOKED,,
939,20,419,BOOKED,,
940,20,420,AVAILABLE,,
941,20,421,AVAILABLE,,
942,20,422,AVAILABLE,,
943,20,423,AVAILABLE,,
944,20,424,AVAILABLE,,
945,20,425,AVAILABLE,,
946,20,426,AVAILABLE,,
947,20,427,AVAILABLE,,
948,20,428,AVAILABLE,,
949,20,429,AVAILABLE,,
950,20,430,AVAILABLE,,
951,20,431,AVAILABLE,,
952,20,432,AVAILABLE,,
953,20,433,AVAILABLE,,
954,20,434,AVAILABLE,,
955,20,435,AVAILABLE,,
956,20,436,AVAILABLE,,
957,20,437,BOOKED,,
958,20,438,AVAILABLE,,
959,20,439,AVAILABLE,,
960,20,440,AVAILABLE,,
961,20,441,AVAILABLE,,
962,20,442,AVAILABLE,,
963,20,443,AVAILABLE,,
964,20,444,AVAILABLE,,
965,20,445,AVAILABLE,,
966,20,446,AVAILABLE,,
967,20,447,AVAILABLE,,
968,20,448,AVAILABLE,,
969,20,449,AVAILABLE,,
970,20,450,AVAILABLE,,
971,20,451,AVAILABLE,,
972,20,452,AVAILABLE,,
973,20,453,AVAILABLE,,
974,20,454,AVAILABLE,,
975,20,455,AVAILABLE,,
976,20,456,AVAILABLE,,
977,20,457,AVAILABLE,,
978,20,458,AVAILABLE,,
979,20,459,AVAILABLE,,
980,20,460,AVAILABLE,,
981,20,461,AVAILABLE,,
982,20,462,AVAILABLE,,
983,20,463,AVAILABLE,,
984,20,464,AVAILABLE,,
985,20,465,AVAILABLE,,
986,20,466,AVAILABLE,,
987,20,467,AVAILABLE,,
988,20,468,AVAILABLE,,
989,20,469,AVAILABLE,,
990,20,470,AVAILABLE,,
991,20,471,AVAILABLE,,
992,20,472,AVAILABLE,,
993,20,473,AVAILABLE,,
994,20,474,AVAILABLE,,
995,20,475,AVAILABLE,,
996,20,476,AVAILABLE,,
997,20,477,AVAILABLE,,
998,20,478,AVAILABLE,,
999,20,479,AVAILABLE,,
1000,20,480,AVAILABLE,,
1001,20,481,AVAILABLE,,
1002,20,482,AVAILABLE,,
1003,20,483,AVAILABLE,,
1004,20,484,AVAILABLE,,
1005,20,485,AVAILABLE,,
1006,20,486,AVAILABLE,,
1007,20,487,AVAILABLE,,
1008,20,488,AVAILABLE,,
1009,20,489,AVAILABLE,,
1010,20,490,AVAILABLE,,
1011,20,491,AVAILABLE,,
1012,20,492,AVAILABLE,,
1013,20,493,AVAILABLE,,
1014,20,494,AVAILABLE,,
1015,20,495,AVAILABLE,,
1016,20,496,AVAILABLE,,
1017,20,497,AVAILABLE,,
1018,20,498,AVAILABLE,,
1019,20,499,AVAILABLE,,
1020,20,500,AVAILABLE,,
1021,20,501,AVAILABLE,,
1022,20,502,AVAILABLE,,
1023,20,503,AVAILABLE,,
1024,20,504,AVAILABLE,,
1025,20,505,AVAILABLE,,
1026,20,506,AVAILABLE,,
1027,20,507,AVAILABLE,,
1028,20,508,AVAILABLE,,
1029,20,509,AVAILABLE,,
1030,20,510,AVAILABLE,,
1031,20,511,AVAILABLE,,
1032,20,512,AVAILABLE,,
1033,20,513,AVAILABLE,,
1034,20,514,AVAILABLE,,
1035,20,515,AVAILABLE,,
1036,20,516,AVAILABLE,,
1037,20,517,AVAILABLE,,
1038,20,518,AVAILABLE,,
1039,20,519,AVAILABLE,,
1040,20,520,AVAILABLE,,
1041,23,313,BOOKED,,
1042,23,314,BOOKED,,
1043,23,315,BOOKED,,
1044,23,316,AVAILABLE,,
1045,23,317,AVAILABLE,,
1046,23,318,AVAILABLE,,
1047,23,319,AVAILABLE,,
1048,23,320,AVAILABLE,,
1049,23,321,AVAILABLE,,
1050,23,322,AVAILABLE,,
1051,23,323,AVAILABLE,,
1052,23,324,AVAILABLE,,
1053,23,325,AVAILABLE,,
1054,23,326,AVAILABLE,,
1055,23,327,AVAILABLE,,
1056,23,328,AVAILABLE,,
1057,23,329,AVAILABLE,,
1058,23,330,AVAILABLE,,
1059,23,331,AVAILABLE,,
1060,23,332,AVAILABLE,,
1061,23,333,BOOKED,,
1062,23,334,BOOKED,,
1063,23,335,AVAILABLE,,
1064,23,336,AVAILABLE,,
1065,23,337,AVAILABLE,,
1066,23,338,AVAILABLE,,
1067,23,339,AVAILABLE,,
1068,23,340,AVAILABLE,,
1069,23,341,AVAILABLE,,
1070,23,342,AVAILABLE,,
1071,23,343,AVAILABLE,,
1072,23,344,AVAILABLE,,
1073,23,345,AVAILABLE,,
1074,23,346,AVAILABLE,,
1075,23,347,AVAILABLE,,
1076,23,348,AVAILABLE,,
1077,23,349,AVAILABLE,,
1078,23,350,AVAILABLE,,
1079,23,351,AVAILABLE,,
1080,23,352,AVAILABLE,,
1081,23,353,AVAILABLE,,
1082,23,354,AVAILABLE,,
1083,23,355,AVAILABLE,,
1084,23,356,AVAILABLE,,
1085,23,357,AVAILABLE,,
1086,23,358,AVAILABLE,,
1087,23,359,AVAILABLE,,
1088,23,360,AVAILABLE,,
1089,23,361,AVAILABLE,,
1090,23,362,AVAILABLE,,
1091,23,363,AVAILABLE,,
1092,23,364,AVAILABLE,,
1093,23,365,AVAILABLE,,
1094,23,366,AVAILABLE,,
1095,23,367,AVAILABLE,,
1096,23,368,AVAILABLE,,
1097,23,369,AVAILABLE,,
1098,23,370,AVAILABLE,,
1099,23,371,AVAILABLE,,
1100,23,372,AVAILABLE,,
1101,23,373,AVAILABLE,,
1102,23,374,AVAILABLE,,
1103,23,375,AVAILABLE,,
1104,23,376,AVAILABLE,,
1105,23,377,AVAILABLE,,
1106,23,378,AVAILABLE,,
1107,23,379,AVAILABLE,,
1108,23,380,AVAILABLE,,
1109,23,381,AVAILABLE,,
1110,23,382,AVAILABLE,,
1111,23,383,AVAILABLE,,
1112,23,384,AVAILABLE,,
1113,23,385,AVAILABLE,,
1114,23,386,AVAILABLE,,
1115,23,387,AVAILABLE,,
1116,23,388,AVAILABLE,,
1117,23,389,AVAILABLE,,
1118,23,390,AVAILABLE,,
1119,23,391,AVAILABLE,,
1120,23,392,AVAILABLE,,
1121,23,393,AVAILABLE,,
1122,23,394,AVAILABLE,,
1123,23,395,AVAILABLE,,
1124,23,396,AVAILABLE,,
1125,23,397,AVAILABLE,,
1126,23,398,AVAILABLE,,
1127,23,399,AVAILABLE,,
1128,23,400,AVAILABLE,,
1129,23,401,AVAILABLE,,
1130,23,402,AVAILABLE,,
1131,23,403,AVAILABLE,,
1132,23,404,AVAILABLE,,
1133,23,405,AVAILABLE,,
1134,23,406,AVAILABLE,,
1135,23,407,AVAILABLE,,
1136,23,408,AVAILABLE,,
1137,23,409,AVAILABLE,,
1138,23,410,AVAILABLE,,
1139,23,411,AVAILABLE,,
1140,23,412,AVAILABLE,,
1141,23,413,AVAILABLE,,
1142,23,414,AVAILABLE,,
1143,23,415,AVAILABLE,,
1144,23,416,AVAILABLE,,
1145,24,1,BOOKED,,
1146,24,2,BOOKED,,
1147,24,3,BOOKED,,
1148,24,4,AVAILABLE,,
1149,24,5,AVAILABLE,,
1150,24,6,AVAILABLE,,
1151,24,7,AVAILABLE,,
1152,24,8,AVAILABLE,,
1153,24,9,AVAILABLE,,
1154,24,10,AVAILABLE,,
1155,24,11,AVAILABLE,,
1156,24,12,AVAILABLE,,
1157,24,13,AVAILABLE,,
1158,24,14,AVAILABLE,,
1159,24,15,AVAILABLE,,
1160,24,16,AVAILABLE,,
1161,24,17,AVAILABLE,,
1162,24,18,AVAILABLE,,
1163,24,19,AVAILABLE,,
1164,24,20,AVAILABLE,,
1165,24,21,BOOKED,,
1166,24,22,BOOKED,,
1167,24,23,AVAILABLE,,
1168,24,24,AVAILABLE,,
1169,24,25,AVAILABLE,,
1170,24,26,AVAILABLE,,
1171,24,27,AVAILABLE,,
1172,24,28,AVAILABLE,,
1173,24,29,AVAILABLE,,
1174,24,30,AVAILABLE,,
1175,24,31,AVAILABLE,,
1176,24,32,AVAILABLE,,
1177,24,33,AVAILABLE,,
1178,24,34,AVAILABLE,,
1179,24,35,AVAILABLE,,
1180,24,36,AVAILABLE,,
1181,24,37,AVAILABLE,,
1182,24,38,AVAILABLE,,
1183,24,39,AVAILABLE,,
1184,24,40,AVAILABLE,,
1185,24,41,AVAILABLE,,
1186,24,42,AVAILABLE,,
1187,24,43,AVAILABLE,,
1188,24,44,AVAILABLE,,
1189,24,45,AVAILABLE,,
1190,24,46,AVAILABLE,,
1191,24,47,AVAILABLE,,
1192,24,48,AVAILABLE,,
1193,24,49,AVAILABLE,,
1194,24,50,AVAILABLE,,
1195,24,51,AVAILABLE,,
1196,24,52,AVAILABLE,,
1197,24,53,AVAILABLE,,
1198,24,54,AVAILABLE,,
1199,24,55,AVAILABLE,,
1200,24,56,AVAILABLE,,
1201,24,57,AVAILABLE,,
1202,24,58,AVAILABLE,,
1203,24,59,AVAILABLE,,
1204,24,60,AVAILABLE,,
1205,24,61,AVAILABLE,,
1206,24,62,AVAILABLE,,
1207,24,63,AVAILABLE,,
1208,24,64,AVAILABLE,,
1209,24,65,AVAILABLE,,
1210,24,66,AVAILABLE,,
1211,24,67,AVAILABLE,,
1212,24,68,AVAILABLE,,
1213,24,69,AVAILABLE,,
1214,24,70,AVAILABLE,,
1215,24,71,AVAILABLE,,
1216,24,72,AVAILABLE,,
1217,24,73,AVAILABLE,,
1218,24,74,AVAILABLE,,
1219,24,75,AVAILABLE,,
1220,24,76,AVAILABLE,,
1221,24,77,AVAILABLE,,
1222,24,78,AVAILABLE,,
1223,24,79,AVAILABLE,,
1224,24,80,AVAILABLE,,
1225,24,81,AVAILABLE,,
1226,24,82,AVAILABLE,,
1227,24,83,AVAILABLE,,
1228,24,84,AVAILABLE,,
1229,24,85,AVAILABLE,,
1230,24,86,AVAILABLE,,
1231,24,87,AVAILABLE,,
1232,24,88,AVAILABLE,,
1233,24,89,AVAILABLE,,
1234,24,90,AVAILABLE,,
1235,24,91,AVAILABLE,,
1236,24,92,AVAILABLE,,
1237,24,93,AVAILABLE,,
1238,24,94,AVAILABLE,,
1239,24,95,AVAILABLE,,
1240,24,96,AVAILABLE,,
1241,24,97,AVAILABLE,,
1242,24,98,AVAILABLE,,
1243,24,99,AVAILABLE,,
1244,24,100,AVAILABLE,,
1245,24,101,AVAILABLE,,
1246,24,102,AVAILABLE,,
1247,24,103,AVAILABLE,,
1248,24,104,AVAILABLE,,
1249,25,105,BOOKED,,
1250,25,106,BOOKED,,
1251,25,107,BOOKED,,
1252,25,108,BOOKED,,
1253,25,109,AVAILABLE,,
1254,25,110,AVAILABLE,,
1255,25,111,AVAILABLE,,
1256,25,112,AVAILABLE,,
1257,25,113,AVAILABLE,,
1258,25,114,AVAILABLE,,
1259,25,115,AVAILABLE,,
1260,25,116,AVAILABLE,,
1261,25,117,AVAILABLE,,
1262,25,118,AVAILABLE,,
1263,25,119,AVAILABLE,,
1264,25,120,AVAILABLE,,
1265,25,121,AVAILABLE,,
1266,25,122,AVAILABLE,,
1267,25,123,AVAILABLE,,
1268,25,124,AVAILABLE,,
1269,25,125,BOOKED,,
1270,25,126,BOOKED,,
1271,25,127,AVAILABLE,,
1272,25,128,AVAILABLE,,
1273,25,129,AVAILABLE,,
1274,25,130,AVAILABLE,,
1275,25,131,AVAILABLE,,
1276,25,132,AVAILABLE,,
1277,25,133,AVAILABLE,,
1278,25,134,AVAILABLE,,
1279,25,135,AVAILABLE,,
1280,25,136,AVAILABLE,,
1281,25,137,AVAILABLE,,
1282,25,138,AVAILABLE,,
1283,25,139,AVAILABLE,,
1284,25,140,AVAILABLE,,
1285,25,141,AVAILABLE,,
1286,25,142,AVAILABLE,,
1287,25,143,AVAILABLE,,
1288,25,144,AVAILABLE,,
1289,25,145,AVAILABLE,,
1290,25,146,AVAILABLE,,
1291,25,147,AVAILABLE,,
1292,25,148,AVAILABLE,,
1293,25,149,AVAILABLE,,
1294,25,150,AVAILABLE,,
1295,25,151,AVAILABLE,,
1296,25,152,AVAILABLE,,
1297,25,153,AVAILABLE,,
1298,25,154,AVAILABLE,,
1299,25,155,AVAILABLE,,
1300,25,156,AVAILABLE,,
1301,25,157,AVAILABLE,,
1302,25,158,AVAILABLE,,
1303,25,159,AVAILABLE,,
1304,25,160,AVAILABLE,,
1305,25,161,AVAILABLE,,
1306,25,162,AVAILABLE,,
1307,25,163,AVAILABLE,,
1308,25,164,AVAILABLE,,
1309,25,165,AVAILABLE,,
1310,25,166,AVAILABLE,,
1311,25,167,AVAILABLE,,
1312,25,168,AVAILABLE,,
1313,25,169,AVAILABLE,,
1314,25,170,AVAILABLE,,
1315,25,171,AVAILABLE,,
1316,25,172,AVAILABLE,,
1317,25,173,AVAILABLE,,
1318,25,174,AVAILABLE,,
1319,25,175,AVAILABLE,,
1320,25,176,AVAILABLE,,
1321,25,177,AVAILABLE,,
1322,25,178,AVAILABLE,,
1323,25,179,AVAILABLE,,
1324,25,180,AVAILABLE,,
1325,25,181,AVAILABLE,,
1326,25,182,AVAILABLE,,
1327,25,183,AVAILABLE,,
1328,25,184,AVAILABLE,,
1329,25,185,AVAILABLE,,
1330,25,186,AVAILABLE,,
1331,25,187,AVAILABLE,,
1332,25,188,AVAILABLE,,
1333,25,189,AVAILABLE,,
1334,25,190,AVAILABLE,,
1335,25,191,AVAILABLE,,
1336,25,192,AVAILABLE,,
1337,25,193,AVAILABLE,,
1338,25,194,AVAILABLE,,
1339,25,195,AVAILABLE,,
1340,25,196,AVAILABLE,,
1341,25,197,AVAILABLE,,
1342,25,198,AVAILABLE,,
1343,25,199,AVAILABLE,,
1344,25,200,AVAILABLE,,
1345,25,201,AVAILABLE,,
1346,25,202,AVAILABLE,,
1347,25,203,AVAILABLE,,
1348,25,204,AVAILABLE,,
1349,25,205,AVAILABLE,,
1350,25,206,AVAILABLE,,
1351,25,207,AVAILABLE,,
1352,25,208,AVAILABLE,,
1353,29,1,AVAILABLE,,
1354,29,2,AVAILABLE,,
1355,29,3,AVAILABLE,,
1356,29,4,AVAILABLE,,
1357,29,5,AVAILABLE,,
1358,29,6,AVAILABLE,,
1359,29,7,AVAILABLE,,
1360,29,8,AVAILABLE,,
1361,29,9,AVAILABLE,,
1362,29,10,AVAILABLE,,
1363,29,11,AVAILABLE,,
1364,29,12,AVAILABLE,,
1365,29,13,AVAILABLE,,
1366,29,14,AVAILABLE,,
1367,29,15,AVAILABLE,,
1368,29,16,AVAILABLE,,
1369,29,17,AVAILABLE,,
1370,29,18,AVAILABLE,,
1371,29,19,AVAILABLE,,
1372,29,20,AVAILABLE,,
1373,29,21,AVAILABLE,,
1374,29,22,AVAILABLE,,
1375,29,23,AVAILABLE,,
1376,29,24,AVAILABLE,,
1377,29,25,AVAILABLE,,
1378,29,26,AVAILABLE,,
1379,29,27,AVAILABLE,,
1380,29,28,AVAILABLE,,
1381,29,29,AVAILABLE,,
1382,29,30,AVAILABLE,,
1383,29,31,AVAILABLE,,
1384,29,32,AVAILABLE,,
1385,29,33,AVAILABLE,,
1386,29,34,AVAILABLE,,
1387,29,35,AVAILABLE,,
1388,29,36,AVAILABLE,,
1389,29,37,AVAILABLE,,
1390,29,38,AVAILABLE,,
1391,29,39,AVAILABLE,,
1392,29,40,AVAILABLE,,
1393,29,41,AVAILABLE,,
1394,29,42,AVAILABLE,,
1395,29,43,AVAILABLE,,
1396,29,44,AVAILABLE,,
1397,29,45,AVAILABLE,,
1398,29,46,AVAILABLE,,
1399,29,47,AVAILABLE,,
1400,29,48,AVAILABLE,,
1401,29,49,AVAILABLE,,
1402,29,50,AVAILABLE,,
1403,29,51,AVAILABLE,,
1404,29,52,AVAILABLE,,
1405,29,53,AVAILABLE,,
1406,29,54,AVAILABLE,,
1407,29,55,AVAILABLE,,
1408,29,56,AVAILABLE,,
1409,29,57,AVAILABLE,,
1410,29,58,AVAILABLE,,
1411,29,59,AVAILABLE,,
1412,29,60,AVAILABLE,,
1413,29,61,AVAILABLE,,
1414,29,62,AVAILABLE,,
1415,29,63,AVAILABLE,,
1416,29,64,AVAILABLE,,
1417,29,65,AVAILABLE,,
1418,29,66,AVAILABLE,,
1419,29,67,AVAILABLE,,
1420,29,68,AVAILABLE,,
1421,29,69,AVAILABLE,,
1422,29,70,AVAILABLE,,
1423,29,71,AVAILABLE,,
1424,29,72,AVAILABLE,,
1425,29,73,AVAILABLE,,
1426,29,74,AVAILABLE,,
1427,29,75,AVAILABLE,,
1428,29,76,AVAILABLE,,
1429,29,77,AVAILABLE,,
1430,29,78,AVAILABLE,,
1431,29,79,AVAILABLE,,
1432,29,80,AVAILABLE,,
1433,29,81,AVAILABLE,,
1434,29,82,AVAILABLE,,
1435,29,83,AVAILABLE,,
1436,29,84,AVAILABLE,,
1437,29,85,AVAILABLE,,
1438,29,86,AVAILABLE,,
1439,29,87,AVAILABLE,,
1440,29,88,AVAILABLE,,
1441,29,89,AVAILABLE,,
1442,29,90,AVAILABLE,,
1443,29,91,AVAILABLE,,
1444,29,92,AVAILABLE,,
1445,29,93,AVAILABLE,,
1446,29,94,AVAILABLE,,
1447,29,95,AVAILABLE,,
1448,29,96,AVAILABLE,,
1449,29,97,AVAILABLE,,
1450,29,98,AVAILABLE,,
1451,29,99,AVAILABLE,,
1452,29,100,AVAILABLE,,
1453,29,101,AVAILABLE,,
1454,29,102,AVAILABLE,,
1455,29,103,AVAILABLE,,
1456,29,104,AVAILABLE,,
1457,32,521,AVAILABLE,,
1458,32,522,AVAILABLE,,
1459,32,523,AVAILABLE,,
1460,32,524,AVAILABLE,,
1461,32,525,AVAILABLE,,
1462,32,526,AVAILABLE,,
1463,32,527,AVAILABLE,,
1464,32,528,AVAILABLE,,
1465,32,529,AVAILABLE,,
1466,32,530,AVAILABLE,,
1467,32,531,AVAILABLE,,
1468,32,532,AVAILABLE,,
1469,32,533,AVAILABLE,,
1470,32,534,AVAILABLE,,
1471,32,535,AVAILABLE,,
1472,32,536,AVAILABLE,,
1473,32,537,AVAILABLE,,
1474,32,538,AVAILABLE,,
1475,32,539,AVAILABLE,,
1476,32,540,AVAILABLE,,
1477,32,541,AVAILABLE,,
1478,32,542,AVAILABLE,,
1479,32,543,AVAILABLE,,
1480,32,544,AVAILABLE,,
1481,32,545,AVAILABLE,,
1482,32,546,AVAILABLE,,
1483,32,547,AVAILABLE,,
1484,32,548,AVAILABLE,,
1485,32,549,AVAILABLE,,
1486,32,550,AVAILABLE,,
1487,32,551,AVAILABLE,,
1488,32,552,AVAILABLE,,
1489,32,553,AVAILABLE,,
1490,32,554,AVAILABLE,,
1491,32,555,AVAILABLE,,
1492,32,556,AVAILABLE,,
1493,32,557,AVAILABLE,,
1494,32,558,AVAILABLE,,
1495,32,559,AVAILABLE,,
1496,32,560,AVAILABLE,,
1497,32,561,AVAILABLE,,
1498,32,562,AVAILABLE,,
1499,32,563,AVAILABLE,,
1500,32,564,AVAILABLE,,
1501,32,565,AVAILABLE,,
1502,32,566,AVAILABLE,,
1503,32,567,AVAILABLE,,
1504,32,568,AVAILABLE,,
1505,32,569,AVAILABLE,,
1506,32,570,AVAILABLE,,
1507,32,571,AVAILABLE,,
1508,32,572,AVAILABLE,,
1509,32,573,AVAILABLE,,
1510,32,574,AVAILABLE,,
1511,32,575,AVAILABLE,,
1512,32,576,AVAILABLE,,
1513,32,577,AVAILABLE,,
1514,32,578,AVAILABLE,,
1515,32,579,AVAILABLE,,
1516,32,580,AVAILABLE,,
1517,32,581,AVAILABLE,,
1518,32,582,AVAILABLE,,
1519,32,583,AVAILABLE,,
1520,32,584,AVAILABLE,,
1521,32,585,AVAILABLE,,
1522,32,586,AVAILABLE,,
1523,32,587,AVAILABLE,,
1524,32,588,AVAILABLE,,
1525,32,589,AVAILABLE,,
1526,32,590,AVAILABLE,,
1527,32,591,AVAILABLE,,
1528,32,592,AVAILABLE,,
1529,32,593,AVAILABLE,,
1530,32,594,AVAILABLE,,
1531,32,595,AVAILABLE,,
1532,32,596,AVAILABLE,,
1533,32,597,AVAILABLE,,
1534,32,598,AVAILABLE,,
1535,32,599,AVAILABLE,,
1536,32,600,AVAILABLE,,
1537,32,601,AVAILABLE,,
1538,32,602,AVAILABLE,,
1539,32,603,AVAILABLE,,
1540,32,604,AVAILABLE,,
1541,32,605,AVAILABLE,,
1542,32,606,AVAILABLE,,
1543,32,607,AVAILABLE,,
1544,32,608,AVAILABLE,,
1545,32,609,AVAILABLE,,
1546,32,610,AVAILABLE,,
1547,32,611,AVAILABLE,,
1548,32,612,AVAILABLE,,
1549,32,613,AVAILABLE,,
1550,32,614,AVAILABLE,,
1551,32,615,AVAILABLE,,
1552,32,616,AVAILABLE,,
1553,32,617,AVAILABLE,,
1554,32,618,AVAILABLE,,
1555,32,619,AVAILABLE,,
1556,32,620,AVAILABLE,,
1557,32,621,AVAILABLE,,
1558,32,622,AVAILABLE,,
1559,32,623,AVAILABLE,,
1560,32,624,AVAILABLE,,
