id,organizer_id,category_id,venue_id,title,slug,description,event_date,start_time,end_time,seating_mode,status,banner_image_url,created_at,updated_at
1,1,1,8,SoundWave Monsoon Music Festival,soundwave-monsoon-fest-2026,A celebration of indie and electronic beats.,2026-06-12,16:00:00,23:00:00,GENERAL_ADMISSION,COMPLETED,https://images.example.com/events/soundwave-monsoon-fest-2026.jpg,2026-05-03 15:30:00+05:30,2026-07-15 15:30:00+05:30
2,2,2,1,TechNova AI Leadership Summit 2026,technova-ai-leadership-2026,"Keynotes on frontier models, reasoning, and agents.",2026-06-25,09:30:00,18:00:00,RESERVED_SEATING,COMPLETED,https://images.example.com/events/technova-ai-leadership-2026.jpg,2026-04-30 15:30:00+05:30,2026-07-06 15:30:00+05:30
3,3,6,6,Laughter Therapy Live with Rohan & Friends,laughter-therapy-live-2026,Top-rated stand-up comedy showcase.,2026-07-10,19:00:00,21:30:00,RESERVED_SEATING,COMPLETED,https://images.example.com/events/laughter-therapy-live-2026.jpg,2026-06-01 15:30:00+05:30,2026-07-13 15:30:00+05:30
4,4,7,4,FullStack Cloud Architect Masterclass,fullstack-cloud-masterclass-2026,Intensive hands-on systems engineering workshop.,2026-07-22,10:00:00,17:00:00,GENERAL_ADMISSION,COMPLETED,https://images.example.com/events/fullstack-cloud-masterclass-2026.jpg,2026-05-19 15:30:00+05:30,2026-07-07 15:30:00+05:30
5,5,9,2,Pro Gaming League Summer Qualifier,pgl-summer-qualifier-2026,High-stakes collegiate esports face-off.,2026-08-05,11:00:00,20:00:00,RESERVED_SEATING,COMPLETED,https://images.example.com/events/pgl-summer-qualifier-2026.jpg,2026-05-25 15:30:00+05:30,2026-07-05 15:30:00+05:30
6,8,10,7,Bengaluru Founder & Investor Mixer,bengaluru-founder-investor-mixer,Curated networking evening for funded startups.,2026-08-18,18:30:00,22:00:00,GENERAL_ADMISSION,COMPLETED,https://images.example.com/events/bengaluru-founder-investor-mixer.jpg,2026-05-30 15:30:00+05:30,2026-07-09 15:30:00+05:30
7,9,3,8,Monsoon Midnight Half Marathon,monsoon-midnight-half-marathon-2026,Night-time marathon along the coastal freeway.,2026-08-28,22:00:00,23:59:00,GENERAL_ADMISSION,COMPLETED,https://images.example.com/events/monsoon-midnight-half-marathon-2026.jpg,2026-04-30 15:30:00+05:30,2026-07-03 15:30:00+05:30
8,1,1,3,Symphony Under the Stars,symphony-under-the-stars-2026,Classical orchestra and live strings performance.,2026-10-24,18:30:00,21:30:00,RESERVED_SEATING,PUBLISHED,https://images.example.com/events/symphony-under-the-stars-2026.jpg,2026-05-27 15:30:00+05:30,2026-07-09 15:30:00+05:30
9,2,2,1,Global DevCon India 2026,global-devcon-india-2026,India's largest open-source software conference.,2026-11-14,09:00:00,18:00:00,RESERVED_SEATING,PUBLISHED,https://images.example.com/events/global-devcon-india-2026.jpg,2026-04-24 15:30:00+05:30,2026-07-18 15:30:00+05:30
10,3,6,5,The Great Stand-Up Comedy Fest,great-stand-up-comedy-fest-2026,An evening with 6 premier touring comedians.,2026-11-20,19:30:00,22:30:00,RESERVED_SEATING,PUBLISHED,https://images.example.com/events/great-stand-up-comedy-fest-2026.jpg,2026-05-03 15:30:00+05:30,2026-07-27 15:30:00+05:30
11,6,7,4,UI/UX Design Systems Sprint,uiux-design-systems-sprint-2026,"Hands-on tokens, accessibility, and micro-animations.",2026-11-28,10:00:00,16:30:00,GENERAL_ADMISSION,PUBLISHED,https://images.example.com/events/uiux-design-systems-sprint-2026.jpg,2026-05-03 15:30:00+05:30,2026-07-03 15:30:00+05:30
12,2,2,7,CyberDefend Security Summit 2026,cyberdefend-security-summit-2026,Zero-trust architecture and threat hunting.,2026-12-05,09:30:00,17:30:00,GENERAL_ADMISSION,PUBLISHED,https://images.example.com/events/cyberdefend-security-summit-2026.jpg,2026-05-19 15:30:00+05:30,2026-07-04 15:30:00+05:30
13,5,9,2,National Esports Championship Finals,national-esports-championship-2026,Grand finals of Valorant and Rocket League.,2026-12-12,12:00:00,21:00:00,RESERVED_SEATING,PUBLISHED,https://images.example.com/events/national-esports-championship-2026.jpg,2026-05-26 15:30:00+05:30,2026-07-11 15:30:00+05:30
14,2,2,4,Global Biotech Innovations Expo,global-biotech-innovations-2026,Life sciences showcase and healthcare panel.,2026-12-18,10:00:00,17:00:00,GENERAL_ADMISSION,PUBLISHED,https://images.example.com/events/global-biotech-innovations-2026.jpg,2026-05-04 15:30:00+05:30,2026-07-10 15:30:00+05:30
15,1,1,9,New Year Acoustic Sunset Gala,new-year-acoustic-sunset-gala,Acoustic indie sets celebrating the upcoming year.,2026-12-31,17:00:00,23:00:00,GENERAL_ADMISSION,PUBLISHED,https://images.example.com/events/new-year-acoustic-sunset-gala.jpg,2026-05-03 15:30:00+05:30,2026-07-09 15:30:00+05:30
16,7,2,7,National Collegiate Hackathon 2027,national-collegiate-hackathon-2027,36-hour sprint for undergraduate innovators.,2027-01-15,08:00:00,20:00:00,GENERAL_ADMISSION,PUBLISHED,https://images.example.com/events/national-collegiate-hackathon-2027.jpg,2026-04-29 15:30:00+05:30,2026-07-23 15:30:00+05:30
17,2,2,1,Enterprise AI & Data Architecture Summit,enterprise-ai-data-summit-2027,Big data pipelines and real-time streaming.,2027-01-22,09:00:00,18:00:00,RESERVED_SEATING,PUBLISHED,https://images.example.com/events/enterprise-ai-data-summit-2027.jpg,2026-04-28 15:30:00+05:30,2026-07-19 15:30:00+05:30
18,10,8,3,Kite & Cultural Heritage Fiesta,kite-cultural-heritage-fiesta-2027,"Vibrant folk dances, kite craft, and traditional food.",2027-01-28,11:00:00,20:00:00,GENERAL_ADMISSION,PUBLISHED,https://images.example.com/events/kite-cultural-heritage-fiesta-2027.jpg,2026-05-14 15:30:00+05:30,2026-07-14 15:30:00+05:30
19,9,3,10,Annual Health & Marathon Expo,annual-health-marathon-expo-2027,"Pre-race expo, nutrition talks, and gear showcase.",2027-02-06,09:00:00,19:00:00,RESERVED_SEATING,PUBLISHED,https://images.example.com/events/annual-health-marathon-expo-2027.jpg,2026-05-01 15:30:00+05:30,2026-07-09 15:30:00+05:30
20,1,1,6,Indie Rock Underground Showcase,indie-rock-underground-showcase,Four breakthrough bands in an electric set.,2027-02-13,19:00:00,23:00:00,RESERVED_SEATING,PUBLISHED,https://images.example.com/events/indie-rock-underground-showcase.jpg,2026-05-03 15:30:00+05:30,2026-07-06 15:30:00+05:30
21,8,5,4,FinTech Disruptors Forum,fintech-disruptors-forum-2027,"Cross-border payments, UPI 2.0, and digital lending.",2027-02-20,10:00:00,17:00:00,GENERAL_ADMISSION,PUBLISHED,https://images.example.com/events/fintech-disruptors-forum-2027.jpg,2026-05-08 15:30:00+05:30,2026-07-18 15:30:00+05:30
22,2,5,8,CleanTech & Renewable Energy Expo,cleantech-renewable-energy-expo,"Solar, hydrogen, and sustainable urban tech.",2027-03-05,09:30:00,18:00:00,GENERAL_ADMISSION,PUBLISHED,https://images.example.com/events/cleantech-renewable-energy-expo.jpg,2026-05-21 15:30:00+05:30,2026-07-22 15:30:00+05:30
23,3,6,5,Spring Stand-Up Extravaganza,spring-standup-extravaganza-2027,A two-hour punchline marathon with top comics.,2027-03-12,19:30:00,22:00:00,RESERVED_SEATING,PUBLISHED,https://images.example.com/events/spring-standup-extravaganza-2027.jpg,2026-05-16 15:30:00+05:30,2026-07-31 15:30:00+05:30
24,4,2,1,Robotics & Embedded Systems Conclave,robotics-embedded-systems-2027,"Autonomous drones, ROS2, and edge compute.",2027-03-20,09:00:00,17:30:00,RESERVED_SEATING,PUBLISHED,https://images.example.com/events/robotics-embedded-systems-2027.jpg,2026-05-31 15:30:00+05:30,2026-07-27 15:30:00+05:30
25,5,9,2,VR & Immersive Entertainment Expo,vr-immersive-entertainment-2027,"Virtual reality, spatial audio, and haptics showcase.",2027-03-27,10:00:00,19:00:00,RESERVED_SEATING,PUBLISHED,https://images.example.com/events/vr-immersive-entertainment-2027.jpg,2026-04-25 15:30:00+05:30,2026-07-17 15:30:00+05:30
26,10,8,9,South India Culinary Heritage Carnival,south-india-culinary-carnival-2027,"Authentic dishes, chef workshops, and spices.",2027-04-10,11:00:00,22:00:00,GENERAL_ADMISSION,PUBLISHED,https://images.example.com/events/south-india-culinary-carnival-2027.jpg,2026-04-30 15:30:00+05:30,2026-07-02 15:30:00+05:30
27,8,5,7,Venture Growth & Scaling Masterclass,venture-growth-scaling-masterclass,Series A-C operational playbooks for executives.,2027-04-17,09:30:00,17:00:00,GENERAL_ADMISSION,PUBLISHED,https://images.example.com/events/venture-growth-scaling-masterclass.jpg,2026-05-02 15:30:00+05:30,2026-07-20 15:30:00+05:30
28,2,2,4,Next-Gen Web3 & Decentralized Systems,nextgen-web3-decentralized-systems,Draft agenda exploring decentralized compute.,2027-05-15,10:00:00,17:00:00,GENERAL_ADMISSION,DRAFT,https://images.example.com/events/nextgen-web3-decentralized-systems.jpg,2026-05-21 15:30:00+05:30,2026-07-23 15:30:00+05:30
29,1,1,1,Global Animation & VFX Film Summit,global-animation-vfx-summit-2027,Draft proposal for computer graphics and 3D modeling.,2027-06-10,09:00:00,18:00:00,RESERVED_SEATING,DRAFT,https://images.example.com/events/global-animation-vfx-summit-2027.jpg,2026-05-02 15:30:00+05:30,2026-07-17 15:30:00+05:30
30,8,5,7,Artificial Intelligence Ethics Round Table,ai-ethics-round-table-2027,Closed-door draft dialogue on AI governance.,2027-06-20,14:00:00,18:00:00,GENERAL_ADMISSION,DRAFT,https://images.example.com/events/ai-ethics-round-table-2027.jpg,2026-05-01 15:30:00+05:30,2026-07-07 15:30:00+05:30
31,1,1,8,Monsoon Rock Open Air (Rescheduled),monsoon-rock-open-air-cancelled,Cancelled due to tropical weather warning.,2026-07-18,16:00:00,22:00:00,GENERAL_ADMISSION,CANCELLED,https://images.example.com/events/monsoon-rock-open-air-cancelled.jpg,2026-05-02 15:30:00+05:30,2026-07-06 15:30:00+05:30
32,5,3,10,International Drone Racing Sprint,international-drone-racing-cancelled,Cancelled due to airspace permissions.,2026-08-22,14:00:00,20:00:00,RESERVED_SEATING,CANCELLED,https://images.example.com/events/international-drone-racing-cancelled.jpg,2026-05-06 15:30:00+05:30,2026-07-14 15:30:00+05:30
