id,user_id,event_id,created_at
1,35,7,2026-07-02 15:30:00+05:30
2,35,1,2026-07-16 15:30:00+05:30
3,40,27,2026-07-27 15:30:00+05:30
4,15,31,2026-07-10 15:30:00+05:30
5,45,1,2026-06-22 15:30:00+05:30
6,27,8,2026-06-13 15:30:00+05:30
7,28,27,2026-07-11 15:30:00+05:30
8,43,20,2026-07-19 15:30:00+05:30
9,27,27,2026-07-06 15:30:00+05:30
10,28,12,2026-06-20 15:30:00+05:30
11,30,1,2026-06-16 15:30:00+05:30
12,20,6,2026-06-18 15:30:00+05:30
13,43,19,2026-07-01 15:30:00+05:30
14,17,6,2026-06-27 15:30:00+05:30
15,30,29,2026-06-27 15:30:00+05:30
16,28,2,2026-07-06 15:30:00+05:30
17,39,21,2026-07-27 15:30:00+05:30
18,45,5,2026-07-25 15:30:00+05:30
19,44,8,2026-07-13 15:30:00+05:30
20,15,10,2026-06-17 15:30:00+05:30
21,18,15,2026-07-20 15:30:00+05:30
22,17,21,2026-06-15 15:30:00+05:30
23,36,8,2026-07-10 15:30:00+05:30
24,36,19,2026-07-07 15:30:00+05:30
25,23,24,2026-07-26 15:30:00+05:30
26,21,9,2026-07-14 15:30:00+05:30
27,26,31,2026-06-28 15:30:00+05:30
28,39,30,2026-06-25 15:30:00+05:30
29,45,3,2026-07-10 15:30:00+05:30
30,23,18,2026-06-18 15:30:00+05:30
31,40,29,2026-06-17 15:30:00+05:30
32,22,23,2026-07-04 15:30:00+05:30
33,30,27,2026-07-22 15:30:00+05:30
34,23,8,2026-06-22 15:30:00+05:30
35,16,4,2026-06-13 15:30:00+05:30
36,26,17,2026-07-15 15:30:00+05:30
37,42,22,2026-06-23 15:30:00+05:30
38,28,6,2026-07-27 15:30:00+05:30
39,21,23,2026-07-21 15:30:00+05:30
40,31,21,2026-07-18 15:30:00+05:30
41,21,26,2026-07-06 15:30:00+05:30
42,44,12,2026-07-13 15:30:00+05:30
43,34,12,2026-06-28 15:30:00+05:30
44,20,31,2026-07-14 15:30:00+05:30
45,37,20,2026-06-19 15:30:00+05:30
46,28,3,2026-06-14 15:30:00+05:30
47,39,17,2026-07-17 15:30:00+05:30
48,24,28,2026-06-12 15:30:00+05:30
49,27,13,2026-07-08 15:30:00+05:30
50,23,31,2026-07-22 15:30:00+05:30
51,26,18,2026-06-21 15:30:00+05:30
52,26,13,2026-07-01 15:30:00+05:30
53,38,7,2026-06-12 15:30:00+05:30
54,26,5,2026-06-24 15:30:00+05:30
55,23,21,2026-06-14 15:30:00+05:30
56,14,32,2026-06-20 15:30:00+05:30
57,24,23,2026-06-22 15:30:00+05:30
58,34,31,2026-07-19 15:30:00+05:30
59,14,18,2026-07-21 15:30:00+05:30
60,33,3,2026-07-26 15:30:00+05:30
61,41,30,2026-07-10 15:30:00+05:30
62,33,14,2026-07-01 15:30:00+05:30
63,34,10,2026-07-25 15:30:00+05:30
64,26,29,2026-07-16 15:30:00+05:30
65,30,17,2026-06-22 15:30:00+05:30
66,28,11,2026-06-25 15:30:00+05:30
67,22,3,2026-07-13 15:30:00+05:30
68,32,32,2026-06-27 15:30:00+05:30
69,14,19,2026-06-15 15:30:00+05:30
70,17,19,2026-06-15 15:30:00+05:30
71,28,24,2026-07-06 15:30:00+05:30
72,42,14,2026-07-06 15:30:00+05:30
73,17,11,2026-07-05 15:30:00+05:30
74,31,20,2026-07-07 15:30:00+05:30
75,45,13,2026-06-19 15:30:00+05:30
