id,booking_id,transaction_reference,amount,payment_method,status,paid_at,created_at
1,1,TXN-EVH-000001,470.82,CARD,SUCCESS,2026-05-27 18:52:00+05:30,2026-05-27 18:50:00+05:30
2,2,TXN-EVH-000002,4481.64,NET_BANKING,SUCCESS,2026-05-28 02:23:00+05:30,2026-05-28 02:15:00+05:30
3,3,TXN-EVH-000003,2948.82,CASH,SUCCESS,2026-06-20 21:25:00+05:30,2026-06-20 21:23:00+05:30
4,4,TXN-EVH-000004,2768.28,UPI,SUCCESS,2026-06-29 22:01:00+05:30,2026-06-29 21:53:00+05:30
5,5,TXN-EVH-000005,2948.82,CARD,SUCCESS,2026-07-21 15:32:00+05:30,2026-07-21 15:30:00+05:30
6,6,TXN-EVH-000006,2827.28,NET_BANKING,SUCCESS,2026-07-28 17:43:00+05:30,2026-07-28 17:37:00+05:30
7,7,TXN-EVH-000007,470.82,CASH,SUCCESS,2026-08-09 14:58:00+05:30,2026-08-09 14:50:00+05:30
8,8,TXN-EVH-000008,4422.64,UPI,SUCCESS,2026-10-05 22:52:00+05:30,2026-10-05 22:44:00+05:30
9,9,TXN-EVH-000009,2948.82,CARD,SUCCESS,2026-10-27 00:31:00+05:30,2026-10-27 00:26:00+05:30
10,10,TXN-EVH-000010,4481.64,NET_BANKING,SUCCESS,2026-11-03 21:15:00+05:30,2026-11-03 21:12:00+05:30
11,11,TXN-EVH-000011,470.82,CASH,FAILED,,2026-11-10 03:20:00+05:30
12,12,TXN-EVH-000012,2768.28,UPI,SUCCESS,2026-11-11 23:03:00+05:30,2026-11-11 22:56:00+05:30
13,13,TXN-EVH-000013,2948.82,CARD,SUCCESS,2026-11-23 23:25:00+05:30,2026-11-23 23:21:00+05:30
14,14,TXN-EVH-000014,2827.28,NET_BANKING,PENDING,,2026-11-21 14:36:00+05:30
15,15,TXN-EVH-000015,470.82,CASH,FAILED,,2026-12-04 15:33:00+05:30
16,16,TXN-EVH-000016,2768.28,UPI,SUCCESS,2026-12-21 00:53:00+05:30,2026-12-21 00:52:00+05:30
17,17,TXN-EVH-000017,2948.82,CARD,SUCCESS,2027-01-07 23:06:00+05:30,2027-01-07 23:00:00+05:30
18,18,TXN-EVH-000018,2827.28,NET_BANKING,SUCCESS,2027-01-04 21:52:00+05:30,2027-01-04 21:50:00+05:30
19,19,TXN-EVH-000019,2948.82,CASH,SUCCESS,2027-01-07 22:09:00+05:30,2027-01-07 22:06:00+05:30
20,20,TXN-EVH-000020,4422.64,UPI,REFUNDED,2027-01-26 00:08:00+05:30,2027-01-26 00:03:00+05:30
21,21,TXN-EVH-000021,470.82,CARD,PENDING,,2027-01-30 21:09:00+05:30
22,22,TXN-EVH-000022,2827.28,NET_BANKING,FAILED,,2027-02-08 22:08:00+05:30
23,23,TXN-EVH-000023,2948.82,CASH,SUCCESS,2027-02-19 01:17:00+05:30,2027-02-19 01:15:00+05:30
24,24,TXN-EVH-000024,4422.64,UPI,SUCCESS,2027-02-21 14:45:00+05:30,2027-02-21 14:42:00+05:30
25,25,TXN-EVH-000025,2948.82,CARD,SUCCESS,2027-03-12 01:05:00+05:30,2027-03-12 01:04:00+05:30
26,26,TXN-EVH-000026,2827.28,NET_BANKING,SUCCESS,2027-03-13 03:15:00+05:30,2027-03-13 03:11:00+05:30
27,27,TXN-EVH-000027,470.82,CASH,SUCCESS,2027-03-19 02:14:00+05:30,2027-03-19 02:13:00+05:30
28,28,TXN-EVH-000028,2768.28,UPI,SUCCESS,2026-05-25 01:06:00+05:30,2026-05-25 01:03:00+05:30
29,29,TXN-EVH-000029,2948.82,CARD,SUCCESS,2026-05-29 19:04:00+05:30,2026-05-29 18:57:00+05:30
30,30,TXN-EVH-000030,4481.64,NET_BANKING,SUCCESS,2026-06-23 20:52:00+05:30,2026-06-23 20:49:00+05:30
31,31,TXN-EVH-000031,470.82,CASH,SUCCESS,2026-06-29 22:06:00+05:30,2026-06-29 22:01:00+05:30
32,32,TXN-EVH-000032,4422.64,UPI,SUCCESS,2026-07-07 16:58:00+05:30,2026-07-07 16:50:00+05:30
33,33,TXN-EVH-000033,470.82,CARD,SUCCESS,2026-07-31 23:25:00+05:30,2026-07-31 23:20:00+05:30
34,34,TXN-EVH-000034,2827.28,NET_BANKING,SUCCESS,2026-08-10 17:51:00+05:30,2026-08-10 17:44:00+05:30
35,35,TXN-EVH-000035,2948.82,CASH,PENDING,,2026-10-04 14:52:00+05:30
36,36,TXN-EVH-000036,4422.64,UPI,SUCCESS,2026-10-25 20:09:00+05:30,2026-10-25 20:05:00+05:30
37,37,TXN-EVH-000037,2948.82,CARD,SUCCESS,2026-11-03 00:20:00+05:30,2026-11-03 00:15:00+05:30
38,38,TXN-EVH-000038,2827.28,NET_BANKING,SUCCESS,2026-11-07 23:53:00+05:30,2026-11-07 23:48:00+05:30
39,39,TXN-EVH-000039,470.82,CASH,SUCCESS,2026-11-16 16:25:00+05:30,2026-11-16 16:20:00+05:30
40,40,TXN-EVH-000040,4422.64,UPI,REFUNDED,2026-11-24 20:45:00+05:30,2026-11-24 20:40:00+05:30
41,41,TXN-EVH-000041,470.82,CARD,SUCCESS,2026-12-01 00:39:00+05:30,2026-12-01 00:33:00+05:30
42,42,TXN-EVH-000042,2827.28,NET_BANKING,PENDING,,2026-12-12 01:10:00+05:30
43,43,TXN-EVH-000043,470.82,CASH,SUCCESS,2026-12-28 22:55:00+05:30,2026-12-28 22:50:00+05:30
44,44,TXN-EVH-000044,4422.64,UPI,FAILED,,2027-01-05 19:29:00+05:30
45,45,TXN-EVH-000045,470.82,CARD,FAILED,,2027-01-03 16:46:00+05:30
46,46,TXN-EVH-000046,4481.64,NET_BANKING,SUCCESS,2027-01-14 15:37:00+05:30,2027-01-14 15:30:00+05:30
47,47,TXN-EVH-000047,2948.82,CASH,SUCCESS,2027-01-21 20:31:00+05:30,2027-01-21 20:30:00+05:30
48,48,TXN-EVH-000048,2768.28,UPI,SUCCESS,2027-02-02 17:36:00+05:30,2027-02-02 17:31:00+05:30
49,49,TXN-EVH-000049,470.82,CARD,PENDING,,2027-02-15 16:13:00+05:30
50,50,TXN-EVH-000050,4481.64,NET_BANKING,SUCCESS,2027-02-14 20:27:00+05:30,2027-02-14 20:19:00+05:30
51,51,TXN-EVH-000051,2948.82,CASH,SUCCESS,2027-03-04 20:54:00+05:30,2027-03-04 20:50:00+05:30
52,52,TXN-EVH-000052,4422.64,UPI,SUCCESS,2027-02-26 21:15:00+05:30,2027-02-26 21:13:00+05:30
53,53,TXN-EVH-000053,470.82,CARD,SUCCESS,2027-03-15 23:18:00+05:30,2027-03-15 23:13:00+05:30
54,54,TXN-EVH-000054,2827.28,NET_BANKING,SUCCESS,2027-03-21 19:28:00+05:30,2027-03-21 19:22:00+05:30
55,55,TXN-EVH-000055,470.82,CASH,SUCCESS,2026-05-28 02:16:00+05:30,2026-05-28 02:15:00+05:30
56,56,TXN-EVH-000056,4422.64,UPI,SUCCESS,2026-06-02 01:56:00+05:30,2026-06-02 01:51:00+05:30
57,57,TXN-EVH-000057,2948.82,CARD,SUCCESS,2026-06-12 20:13:00+05:30,2026-06-12 20:07:00+05:30
58,58,TXN-EVH-000058,2827.28,NET_BANKING,SUCCESS,2026-07-01 22:35:00+05:30,2026-07-01 22:33:00+05:30
59,59,TXN-EVH-000059,2948.82,CASH,SUCCESS,2026-07-20 17:08:00+05:30,2026-07-20 17:03:00+05:30
60,60,TXN-EVH-000060,2768.28,UPI,SUCCESS,2026-08-03 21:14:00+05:30,2026-08-03 21:07:00+05:30
61,61,TXN-EVH-000061,470.82,CARD,SUCCESS,2026-08-07 02:59:00+05:30,2026-08-07 02:56:00+05:30
62,62,TXN-EVH-000062,4481.64,NET_BANKING,SUCCESS,2026-10-04 22:38:00+05:30,2026-10-04 22:31:00+05:30
63,63,TXN-EVH-000063,2948.82,CASH,PENDING,,2026-10-23 02:39:00+05:30
64,64,TXN-EVH-000064,4422.64,UPI,SUCCESS,2026-10-29 14:36:00+05:30,2026-10-29 14:31:00+05:30
65,65,TXN-EVH-000065,470.82,CARD,SUCCESS,2026-10-29 20:52:00+05:30,2026-10-29 20:46:00+05:30
66,66,TXN-EVH-000066,2827.28,NET_BANKING,FAILED,,2026-11-17 01:07:00+05:30
67,67,TXN-EVH-000067,2948.82,CASH,SUCCESS,2026-11-25 17:06:00+05:30,2026-11-25 17:05:00+05:30
68,68,TXN-EVH-000068,2768.28,UPI,SUCCESS,2026-11-25 20:16:00+05:30,2026-11-25 20:10:00+05:30
69,69,TXN-EVH-000069,470.82,CARD,SUCCESS,2026-12-16 01:24:00+05:30,2026-12-16 01:23:00+05:30
70,70,TXN-EVH-000070,2827.28,NET_BANKING,PENDING,,2026-12-24 21:33:00+05:30
71,71,TXN-EVH-000071,2948.82,CASH,SUCCESS,2027-01-01 01:05:00+05:30,2027-01-01 01:02:00+05:30
72,72,TXN-EVH-000072,2768.28,UPI,SUCCESS,2027-01-02 01:57:00+05:30,2027-01-02 01:53:00+05:30
73,73,TXN-EVH-000073,2948.82,CARD,SUCCESS,2027-01-14 20:29:00+05:30,2027-01-14 20:25:00+05:30
74,74,TXN-EVH-000074,4481.64,NET_BANKING,SUCCESS,2027-01-18 20:07:00+05:30,2027-01-18 19:59:00+05:30
75,75,TXN-EVH-000075,470.82,CASH,FAILED,,2027-01-22 03:13:00+05:30
76,76,TXN-EVH-000076,2768.28,UPI,SUCCESS,2027-02-09 17:47:00+05:30,2027-02-09 17:40:00+05:30
77,77,TXN-EVH-000077,2948.82,CARD,FAILED,,2027-02-21 22:27:00+05:30
78,78,TXN-EVH-000078,4481.64,NET_BANKING,SUCCESS,2027-03-05 20:29:00+05:30,2027-03-05 20:22:00+05:30
79,79,TXN-EVH-000079,2948.82,CASH,SUCCESS,2027-03-12 00:43:00+05:30,2027-03-12 00:41:00+05:30
80,80,TXN-EVH-000080,2768.28,UPI,REFUNDED,2027-03-17 20:09:00+05:30,2027-03-17 20:04:00+05:30
81,81,TXN-EVH-000081,470.82,CARD,SUCCESS,2027-03-25 17:17:00+05:30,2027-03-25 17:15:00+05:30
82,82,TXN-EVH-000082,2827.28,NET_BANKING,SUCCESS,2026-05-28 22:50:00+05:30,2026-05-28 22:43:00+05:30
83,83,TXN-EVH-000083,2948.82,CASH,SUCCESS,2026-05-29 23:05:00+05:30,2026-05-29 23:03:00+05:30
84,84,TXN-EVH-000084,4422.64,UPI,SUCCESS,2026-06-23 17:21:00+05:30,2026-06-23 17:16:00+05:30
85,85,TXN-EVH-000085,470.82,CARD,SUCCESS,2026-06-28 15:21:00+05:30,2026-06-28 15:17:00+05:30
86,86,TXN-EVH-000086,4481.64,NET_BANKING,SUCCESS,2026-07-16 18:54:00+05:30,2026-07-16 18:48:00+05:30
87,87,TXN-EVH-000087,470.82,CASH,SUCCESS,2026-07-30 20:43:00+05:30,2026-07-30 20:42:00+05:30
88,88,TXN-EVH-000088,2768.28,UPI,SUCCESS,2026-07-29 20:55:00+05:30,2026-07-29 20:52:00+05:30
89,89,TXN-EVH-000089,2948.82,CARD,SUCCESS,2026-09-29 22:42:00+05:30,2026-09-29 22:39:00+05:30
90,90,TXN-EVH-000090,4481.64,NET_BANKING,FAILED,,2026-10-30 16:02:00+05:30
91,91,TXN-EVH-000091,2948.82,CASH,PENDING,,2026-11-05 19:34:00+05:30
92,92,TXN-EVH-000092,2768.28,UPI,SUCCESS,2026-11-02 18:46:00+05:30,2026-11-02 18:43:00+05:30
93,93,TXN-EVH-000093,470.82,CARD,SUCCESS,2026-11-13 16:42:00+05:30,2026-11-13 16:36:00+05:30
94,94,TXN-EVH-000094,4481.64,NET_BANKING,SUCCESS,2026-11-12 16:27:00+05:30,2026-11-12 16:25:00+05:30
95,95,TXN-EVH-000095,470.82,CASH,SUCCESS,2026-11-21 19:14:00+05:30,2026-11-21 19:09:00+05:30
96,96,TXN-EVH-000096,2768.28,UPI,SUCCESS,2026-12-13 20:08:00+05:30,2026-12-13 20:00:00+05:30
97,97,TXN-EVH-000097,470.82,CARD,SUCCESS,2026-12-28 23:07:00+05:30,2026-12-28 23:03:00+05:30
98,98,TXN-EVH-000098,4481.64,NET_BANKING,PENDING,,2026-12-28 01:22:00+05:30
99,99,TXN-EVH-000099,470.82,CASH,FAILED,,2026-12-30 23:52:00+05:30
100,100,TXN-EVH-000100,4422.64,UPI,REFUNDED,2027-01-20 16:24:00+05:30,2027-01-20 16:19:00+05:30
101,101,TXN-EVH-000101,2948.82,CARD,SUCCESS,2027-01-28 03:06:00+05:30,2027-01-28 03:01:00+05:30
102,102,TXN-EVH-000102,2827.28,NET_BANKING,SUCCESS,2027-01-29 03:16:00+05:30,2027-01-29 03:12:00+05:30
103,103,TXN-EVH-000103,470.82,CASH,SUCCESS,2027-02-13 20:03:00+05:30,2027-02-13 19:57:00+05:30
104,104,TXN-EVH-000104,4422.64,UPI,SUCCESS,2027-02-16 02:20:00+05:30,2027-02-16 02:12:00+05:30
105,105,TXN-EVH-000105,2948.82,CARD,FAILED,,2027-02-21 19:41:00+05:30
106,106,TXN-EVH-000106,4481.64,NET_BANKING,SUCCESS,2027-03-07 03:03:00+05:30,2027-03-07 02:59:00+05:30
107,107,TXN-EVH-000107,470.82,CASH,SUCCESS,2027-03-16 03:26:00+05:30,2027-03-16 03:20:00+05:30
108,108,TXN-EVH-000108,2768.28,UPI,SUCCESS,2027-03-21 03:14:00+05:30,2027-03-21 03:07:00+05:30
109,109,TXN-EVH-000109,470.82,CARD,SUCCESS,2026-05-22 17:01:00+05:30,2026-05-22 16:58:00+05:30
110,110,TXN-EVH-000110,4481.64,NET_BANKING,SUCCESS,2026-05-28 18:56:00+05:30,2026-05-28 18:51:00+05:30
