id,user_id,event_id,rating,comment,created_at,updated_at
1,14,1,5,Absolutely breathtaking sound design and stage presence! Will definitely attend next year.,2026-06-16 19:30:00+05:30,2026-06-16 19:30:00+05:30
2,15,2,5,Incredible insights from the speakers. Seamless badge collection and great networking tracks.,2026-06-28 19:30:00+05:30,2026-06-28 19:30:00+05:30
3,16,3,4,"Great lineup and well organized. The venue was easy to access, though lines were long.",2026-07-12 19:30:00+05:30,2026-07-12 19:30:00+05:30
4,17,4,4,Hilarious performances throughout! Highly recommend Catching this live.,2026-07-27 19:30:00+05:30,2026-07-27 19:30:00+05:30
5,18,5,5,"Hands-on, highly practical content that I immediately applied to my job.",2026-08-08 19:30:00+05:30,2026-08-08 19:30:00+05:30
6,19,6,3,"Good content overall, but the auditorium acoustics had noticeable echo in back rows.",2026-08-20 19:30:00+05:30,2026-08-20 19:30:00+05:30
7,20,7,4,Very high energy and smooth game casting. Super fun community tournament.,2026-08-31 19:30:00+05:30,2026-08-31 19:30:00+05:30
8,41,1,5,Wonderful evening and high quality connections made with fellow founders.,2026-06-14 19:30:00+05:30,2026-06-14 19:30:00+05:30
9,42,2,2,Content was decent but the parking management at the venue was quite chaotic.,2026-06-30 19:30:00+05:30,2026-06-30 19:30:00+05:30
10,43,3,4,Splendid organization and prompt schedule adherence. Well done to the team!,2026-07-11 19:30:00+05:30,2026-07-11 19:30:00+05:30
11,44,4,5,Phenomenal musical experience! The light show during the finale was top notch.,2026-07-25 19:30:00+05:30,2026-07-25 19:30:00+05:30
12,45,5,4,Thought-provoking panel discussions. Appreciate the clear timekeeping.,2026-08-08 19:30:00+05:30,2026-08-08 19:30:00+05:30
13,14,6,5,Absolutely breathtaking sound design and stage presence! Will definitely attend next year.,2026-08-23 19:30:00+05:30,2026-08-23 19:30:00+05:30
14,15,7,5,Incredible insights from the speakers. Seamless badge collection and great networking tracks.,2026-09-01 19:30:00+05:30,2026-09-01 19:30:00+05:30
15,36,1,4,"Great lineup and well organized. The venue was easy to access, though lines were long.",2026-06-16 19:30:00+05:30,2026-06-16 19:30:00+05:30
16,37,2,4,Hilarious performances throughout! Highly recommend Catching this live.,2026-06-29 19:30:00+05:30,2026-06-29 19:30:00+05:30
17,38,3,5,"Hands-on, highly practical content that I immediately applied to my job.",2026-07-11 19:30:00+05:30,2026-07-11 19:30:00+05:30
18,39,4,3,"Good content overall, but the auditorium acoustics had noticeable echo in back rows.",2026-07-27 19:30:00+05:30,2026-07-27 19:30:00+05:30
19,40,5,4,Very high energy and smooth game casting. Super fun community tournament.,2026-08-08 19:30:00+05:30,2026-08-08 19:30:00+05:30
20,41,6,5,Wonderful evening and high quality connections made with fellow founders.,2026-08-22 19:30:00+05:30,2026-08-22 19:30:00+05:30
21,42,7,2,Content was decent but the parking management at the venue was quite chaotic.,2026-08-31 19:30:00+05:30,2026-08-31 19:30:00+05:30
22,31,1,4,Splendid organization and prompt schedule adherence. Well done to the team!,2026-06-13 19:30:00+05:30,2026-06-13 19:30:00+05:30
23,32,2,5,Phenomenal musical experience! The light show during the finale was top notch.,2026-06-29 19:30:00+05:30,2026-06-29 19:30:00+05:30
24,33,3,4,Thought-provoking panel discussions. Appreciate the clear timekeeping.,2026-07-15 19:30:00+05:30,2026-07-15 19:30:00+05:30
25,34,4,5,Absolutely breathtaking sound design and stage presence! Will definitely attend next year.,2026-07-27 19:30:00+05:30,2026-07-27 19:30:00+05:30
26,35,5,5,Incredible insights from the speakers. Seamless badge collection and great networking tracks.,2026-08-07 19:30:00+05:30,2026-08-07 19:30:00+05:30
27,36,6,4,"Great lineup and well organized. The venue was easy to access, though lines were long.",2026-08-22 19:30:00+05:30,2026-08-22 19:30:00+05:30
28,37,7,4,Hilarious performances throughout! Highly recommend Catching this live.,2026-08-31 19:30:00+05:30,2026-08-31 19:30:00+05:30
29,26,1,5,"Hands-on, highly practical content that I immediately applied to my job.",2026-06-15 19:30:00+05:30,2026-06-15 19:30:00+05:30
30,27,2,3,"Good content overall, but the auditorium acoustics had noticeable echo in back rows.",2026-06-26 19:30:00+05:30,2026-06-26 19:30:00+05:30
31,15,1,4,Very high energy and smooth game casting. Super fun community tournament.,2026-06-14 21:30:00+05:30,2026-06-14 21:30:00+05:30
32,16,1,5,Wonderful evening and high quality connections made with fellow founders.,2026-06-14 21:30:00+05:30,2026-06-14 21:30:00+05:30
33,17,1,2,Content was decent but the parking management at the venue was quite chaotic.,2026-06-14 21:30:00+05:30,2026-06-14 21:30:00+05:30
34,18,1,4,Splendid organization and prompt schedule adherence. Well done to the team!,2026-06-14 21:30:00+05:30,2026-06-14 21:30:00+05:30
35,19,1,5,Phenomenal musical experience! The light show during the finale was top notch.,2026-06-14 21:30:00+05:30,2026-06-14 21:30:00+05:30
36,20,1,4,Thought-provoking panel discussions. Appreciate the clear timekeeping.,2026-06-14 21:30:00+05:30,2026-06-14 21:30:00+05:30
37,21,1,5,Absolutely breathtaking sound design and stage presence! Will definitely attend next year.,2026-06-14 21:30:00+05:30,2026-06-14 21:30:00+05:30
38,22,1,5,Incredible insights from the speakers. Seamless badge collection and great networking tracks.,2026-06-14 21:30:00+05:30,2026-06-14 21:30:00+05:30
39,23,1,4,"Great lineup and well organized. The venue was easy to access, though lines were long.",2026-06-14 21:30:00+05:30,2026-06-14 21:30:00+05:30
40,24,1,4,Hilarious performances throughout! Highly recommend Catching this live.,2026-06-14 21:30:00+05:30,2026-06-14 21:30:00+05:30
41,25,1,5,"Hands-on, highly practical content that I immediately applied to my job.",2026-06-14 21:30:00+05:30,2026-06-14 21:30:00+05:30
42,27,1,3,"Good content overall, but the auditorium acoustics had noticeable echo in back rows.",2026-06-14 21:30:00+05:30,2026-06-14 21:30:00+05:30
43,28,1,4,Very high energy and smooth game casting. Super fun community tournament.,2026-06-14 21:30:00+05:30,2026-06-14 21:30:00+05:30
44,29,1,5,Wonderful evening and high quality connections made with fellow founders.,2026-06-14 21:30:00+05:30,2026-06-14 21:30:00+05:30
45,30,1,2,Content was decent but the parking management at the venue was quite chaotic.,2026-06-14 21:30:00+05:30,2026-06-14 21:30:00+05:30
46,32,1,4,Splendid organization and prompt schedule adherence. Well done to the team!,2026-06-14 21:30:00+05:30,2026-06-14 21:30:00+05:30
47,33,1,5,Phenomenal musical experience! The light show during the finale was top notch.,2026-06-14 21:30:00+05:30,2026-06-14 21:30:00+05:30
48,34,1,4,Thought-provoking panel discussions. Appreciate the clear timekeeping.,2026-06-14 21:30:00+05:30,2026-06-14 21:30:00+05:30
49,35,1,5,Absolutely breathtaking sound design and stage presence! Will definitely attend next year.,2026-06-14 21:30:00+05:30,2026-06-14 21:30:00+05:30
50,37,1,5,Incredible insights from the speakers. Seamless badge collection and great networking tracks.,2026-06-14 21:30:00+05:30,2026-06-14 21:30:00+05:30
51,38,1,4,"Great lineup and well organized. The venue was easy to access, though lines were long.",2026-06-14 21:30:00+05:30,2026-06-14 21:30:00+05:30
52,39,1,4,Hilarious performances throughout! Highly recommend Catching this live.,2026-06-14 21:30:00+05:30,2026-06-14 21:30:00+05:30
53,40,1,5,"Hands-on, highly practical content that I immediately applied to my job.",2026-06-14 21:30:00+05:30,2026-06-14 21:30:00+05:30
54,42,1,3,"Good content overall, but the auditorium acoustics had noticeable echo in back rows.",2026-06-14 21:30:00+05:30,2026-06-14 21:30:00+05:30
55,43,1,4,Very high energy and smooth game casting. Super fun community tournament.,2026-06-14 21:30:00+05:30,2026-06-14 21:30:00+05:30
