id,booking_id,ticket_type_id,event_seat_id,ticket_code,qr_token,status,issued_at,checked_in_at
1,1,1,,EVH-TKT-000001,EVH-QR-E85EC07D738AADDA,USED,2026-05-27 18:50:00+05:30,2026-06-12 22:04:00+05:30
2,2,3,1,EVH-TKT-000002,EVH-QR-49A22A537356C813,USED,2026-05-28 02:15:00+05:30,2026-06-25 15:37:00+05:30
3,2,4,21,EVH-TKT-000003,EVH-QR-2C0F4479372150E9,USED,2026-05-28 02:15:00+05:30,2026-06-25 15:21:00+05:30
4,3,6,105,EVH-TKT-000004,EVH-QR-05E07E84AC8B12A0,USED,2026-06-20 21:23:00+05:30,2026-07-11 01:05:00+05:30
5,4,9,,EVH-TKT-000005,EVH-QR-F8E5254F3F3702BB,USED,2026-06-29 21:53:00+05:30,2026-07-22 15:41:00+05:30
6,4,9,,EVH-TKT-000006,EVH-QR-C31767A2628633FF,USED,2026-06-29 21:53:00+05:30,2026-07-22 15:47:00+05:30
7,4,10,,EVH-TKT-000007,EVH-QR-7773CEC28B51C19C,USED,2026-06-29 21:53:00+05:30,2026-07-22 16:01:00+05:30
8,4,10,,EVH-TKT-000008,EVH-QR-71788023D0B1EC9D,USED,2026-06-29 21:53:00+05:30,2026-07-22 15:44:00+05:30
9,5,12,209,EVH-TKT-000009,EVH-QR-70ACBB9CB0BCE0AC,USED,2026-07-21 15:30:00+05:30,2026-08-05 17:03:00+05:30
10,6,15,,EVH-TKT-000010,EVH-QR-8C8AE2B45376F1BD,USED,2026-07-28 17:37:00+05:30,2026-08-19 00:44:00+05:30
11,6,15,,EVH-TKT-000011,EVH-QR-8E86ABB7FA81ACD5,USED,2026-07-28 17:37:00+05:30,2026-08-19 00:07:00+05:30
12,6,16,,EVH-TKT-000012,EVH-QR-EBD1703E6AF91487,USED,2026-07-28 17:37:00+05:30,2026-08-19 00:39:00+05:30
13,6,16,,EVH-TKT-000013,EVH-QR-7758D78A70CD862C,USED,2026-07-28 17:37:00+05:30,2026-08-19 00:22:00+05:30
14,7,17,,EVH-TKT-000014,EVH-QR-A8879F241A41FEB6,USED,2026-08-09 14:50:00+05:30,2026-08-29 04:12:00+05:30
15,8,19,313,EVH-TKT-000015,EVH-QR-5D43E1FB1F5A4385,ACTIVE,2026-10-05 22:44:00+05:30,
16,8,20,333,EVH-TKT-000016,EVH-QR-54EBDFB615F91EC0,ACTIVE,2026-10-05 22:44:00+05:30,
17,9,22,417,EVH-TKT-000017,EVH-QR-2F3D214A38364D7B,ACTIVE,2026-10-27 00:26:00+05:30,
18,10,25,521,EVH-TKT-000018,EVH-QR-EFA1C2769EB3FF51,ACTIVE,2026-11-03 21:12:00+05:30,
19,10,26,541,EVH-TKT-000019,EVH-QR-59059C42BA895FD8,ACTIVE,2026-11-03 21:12:00+05:30,
20,11,28,,EVH-TKT-000020,EVH-QR-D6AD4FF6CDEF3D1F,CANCELLED,2026-11-10 03:20:00+05:30,
21,12,31,,EVH-TKT-000021,EVH-QR-732357799E193572,ACTIVE,2026-11-11 22:56:00+05:30,
22,12,31,,EVH-TKT-000022,EVH-QR-8338B9A607D993D0,ACTIVE,2026-11-11 22:56:00+05:30,
23,12,32,,EVH-TKT-000023,EVH-QR-43D207995C31C24A,ACTIVE,2026-11-11 22:56:00+05:30,
24,12,32,,EVH-TKT-000024,EVH-QR-8442721BBCD8DCAB,ACTIVE,2026-11-11 22:56:00+05:30,
25,13,34,625,EVH-TKT-000025,EVH-QR-FC11C29FE9E3C488,ACTIVE,2026-11-23 23:21:00+05:30,
26,16,42,,EVH-TKT-000026,EVH-QR-55E1F8760D487123,ACTIVE,2026-12-21 00:52:00+05:30,
27,16,42,,EVH-TKT-000027,EVH-QR-3A96AD83018679D5,ACTIVE,2026-12-21 00:52:00+05:30,
28,16,43,,EVH-TKT-000028,EVH-QR-0E2666A2F3306343,ACTIVE,2026-12-21 00:52:00+05:30,
29,16,43,,EVH-TKT-000029,EVH-QR-CF33F89D63962B3F,ACTIVE,2026-12-21 00:52:00+05:30,
30,17,45,729,EVH-TKT-000030,EVH-QR-D44410414CE0F340,ACTIVE,2027-01-07 23:00:00+05:30,
31,18,48,,EVH-TKT-000031,EVH-QR-737BC15F8B9F7E79,ACTIVE,2027-01-04 21:50:00+05:30,
32,18,48,,EVH-TKT-000032,EVH-QR-FD2FB5C12522EEC5,ACTIVE,2027-01-04 21:50:00+05:30,
33,18,49,,EVH-TKT-000033,EVH-QR-8100832B060E46F2,ACTIVE,2027-01-04 21:50:00+05:30,
34,18,49,,EVH-TKT-000034,EVH-QR-B8785DC5C354E6B1,ACTIVE,2027-01-04 21:50:00+05:30,
35,19,50,833,EVH-TKT-000035,EVH-QR-F457FD2B7C346D50,ACTIVE,2027-01-07 22:06:00+05:30,
36,20,53,937,EVH-TKT-000036,EVH-QR-A46CC9C5A299BE5C,REFUNDED,2027-01-26 00:03:00+05:30,
37,20,54,957,EVH-TKT-000037,EVH-QR-F3B571D871DF61CA,REFUNDED,2027-01-26 00:03:00+05:30,
38,22,59,,EVH-TKT-000038,EVH-QR-BC68216B0D6CF35B,CANCELLED,2027-02-08 22:08:00+05:30,
39,22,59,,EVH-TKT-000039,EVH-QR-B5E27370E62F1CFF,CANCELLED,2027-02-08 22:08:00+05:30,
40,22,60,,EVH-TKT-000040,EVH-QR-233173160896EE9A,CANCELLED,2027-02-08 22:08:00+05:30,
41,22,60,,EVH-TKT-000041,EVH-QR-3F5C7FA16CFCDD43,CANCELLED,2027-02-08 22:08:00+05:30,
42,23,62,1041,EVH-TKT-000042,EVH-QR-4B8B1FF8541B4824,ACTIVE,2027-02-19 01:15:00+05:30,
43,24,65,1145,EVH-TKT-000043,EVH-QR-2EBD8E6ABDC20C25,ACTIVE,2027-02-21 14:42:00+05:30,
44,24,66,1165,EVH-TKT-000044,EVH-QR-867794D238E1AE9F,ACTIVE,2027-02-21 14:42:00+05:30,
45,25,68,1249,EVH-TKT-000045,EVH-QR-3019EA0E90CA7565,ACTIVE,2027-03-12 01:04:00+05:30,
46,26,71,,EVH-TKT-000046,EVH-QR-4B7C372E9BC9E5BA,ACTIVE,2027-03-13 03:11:00+05:30,
47,26,71,,EVH-TKT-000047,EVH-QR-7B7C661E35BCDF84,ACTIVE,2027-03-13 03:11:00+05:30,
48,26,72,,EVH-TKT-000048,EVH-QR-181B654338DCEDCF,ACTIVE,2027-03-13 03:11:00+05:30,
49,26,72,,EVH-TKT-000049,EVH-QR-C6B5940CC5C2D62B,ACTIVE,2027-03-13 03:11:00+05:30,
50,27,73,,EVH-TKT-000050,EVH-QR-044EC34969E35F0C,ACTIVE,2027-03-19 02:13:00+05:30,
51,28,1,,EVH-TKT-000051,EVH-QR-737AB110E188D52E,USED,2026-05-25 01:03:00+05:30,2026-06-12 21:48:00+05:30
52,28,1,,EVH-TKT-000052,EVH-QR-BC523F43B53A9D58,USED,2026-05-25 01:03:00+05:30,2026-06-12 22:08:00+05:30
53,28,2,,EVH-TKT-000053,EVH-QR-E5388D1D10D2D553,USED,2026-05-25 01:03:00+05:30,2026-06-12 21:43:00+05:30
54,28,2,,EVH-TKT-000054,EVH-QR-428B88BAACD9FA27,USED,2026-05-25 01:03:00+05:30,2026-06-12 21:45:00+05:30
55,29,3,2,EVH-TKT-000055,EVH-QR-AFFF9D37201A85CA,USED,2026-05-29 18:57:00+05:30,2026-06-25 15:39:00+05:30
56,30,6,106,EVH-TKT-000056,EVH-QR-74FF9E6BD8328AC9,USED,2026-06-23 20:49:00+05:30,2026-07-11 00:46:00+05:30
57,30,7,125,EVH-TKT-000057,EVH-QR-C19C8464BE2A025A,USED,2026-06-23 20:49:00+05:30,2026-07-11 00:57:00+05:30
58,31,9,,EVH-TKT-000058,EVH-QR-2FCD55ABD26F62DC,USED,2026-06-29 22:01:00+05:30,2026-07-22 16:01:00+05:30
59,32,12,210,EVH-TKT-000059,EVH-QR-E8D1B18DA9E13C08,USED,2026-07-07 16:50:00+05:30,2026-08-05 17:08:00+05:30
60,32,13,229,EVH-TKT-000060,EVH-QR-9550D5B44C756E60,USED,2026-07-07 16:50:00+05:30,2026-08-05 17:05:00+05:30
61,33,15,,EVH-TKT-000061,EVH-QR-CD97358B8F43464E,USED,2026-07-31 23:20:00+05:30,2026-08-19 00:38:00+05:30
62,34,17,,EVH-TKT-000062,EVH-QR-EF0FEE9A876016A0,USED,2026-08-10 17:44:00+05:30,2026-08-29 03:35:00+05:30
63,34,17,,EVH-TKT-000063,EVH-QR-37BE2FAA6B2D3CB0,USED,2026-08-10 17:44:00+05:30,2026-08-29 03:40:00+05:30
64,34,18,,EVH-TKT-000064,EVH-QR-0FC3FD0127F7C219,USED,2026-08-10 17:44:00+05:30,2026-08-29 04:04:00+05:30
65,34,18,,EVH-TKT-000065,EVH-QR-97B6E7F8E67DBB18,USED,2026-08-10 17:44:00+05:30,2026-08-29 03:56:00+05:30
66,36,22,418,EVH-TKT-000066,EVH-QR-422E8B78EA7CC6B1,ACTIVE,2026-10-25 20:05:00+05:30,
67,36,23,437,EVH-TKT-000067,EVH-QR-E259379DB361E4AA,ACTIVE,2026-10-25 20:05:00+05:30,
68,37,25,522,EVH-TKT-000068,EVH-QR-E3F41028543D6E6E,ACTIVE,2026-11-03 00:15:00+05:30,
69,38,28,,EVH-TKT-000069,EVH-QR-4E21708F0D2273AA,ACTIVE,2026-11-07 23:48:00+05:30,
70,38,28,,EVH-TKT-000070,EVH-QR-FB0AC9FEFBFFA246,ACTIVE,2026-11-07 23:48:00+05:30,
71,38,29,,EVH-TKT-000071,EVH-QR-A0887ACF5FE0E027,ACTIVE,2026-11-07 23:48:00+05:30,
72,38,29,,EVH-TKT-000072,EVH-QR-575C518ACBC6538F,ACTIVE,2026-11-07 23:48:00+05:30,
73,39,31,,EVH-TKT-000073,EVH-QR-58222BB8216C5CE9,ACTIVE,2026-11-16 16:20:00+05:30,
74,40,34,626,EVH-TKT-000074,EVH-QR-8421C4537777EDE0,REFUNDED,2026-11-24 20:40:00+05:30,
75,40,35,645,EVH-TKT-000075,EVH-QR-33B130B422F8BD79,REFUNDED,2026-11-24 20:40:00+05:30,
76,41,37,,EVH-TKT-000076,EVH-QR-CED2B39B2D5C1F80,ACTIVE,2026-12-01 00:33:00+05:30,
77,43,42,,EVH-TKT-000077,EVH-QR-0FF674C665A8666E,ACTIVE,2026-12-28 22:50:00+05:30,
78,44,45,730,EVH-TKT-000078,EVH-QR-A263774A95C0F2B0,CANCELLED,2027-01-05 19:29:00+05:30,
79,44,46,749,EVH-TKT-000079,EVH-QR-66539B6E85892DA0,CANCELLED,2027-01-05 19:29:00+05:30,
80,46,50,834,EVH-TKT-000080,EVH-QR-70F7AC73A1845A3F,ACTIVE,2027-01-14 15:30:00+05:30,
81,46,51,853,EVH-TKT-000081,EVH-QR-BEA7977C2D1D66C0,ACTIVE,2027-01-14 15:30:00+05:30,
82,47,53,937,EVH-TKT-000082,EVH-QR-BC5F234CFEA1DE36,ACTIVE,2027-01-21 20:30:00+05:30,
83,48,56,,EVH-TKT-000083,EVH-QR-31626B32DEB3E3EE,ACTIVE,2027-02-02 17:31:00+05:30,
84,48,56,,EVH-TKT-000084,EVH-QR-2366DCB7397D3F9D,ACTIVE,2027-02-02 17:31:00+05:30,
85,48,57,,EVH-TKT-000085,EVH-QR-07191C39A20B4031,ACTIVE,2027-02-02 17:31:00+05:30,
86,48,57,,EVH-TKT-000086,EVH-QR-1BF3C9098F821F5D,ACTIVE,2027-02-02 17:31:00+05:30,
87,50,62,1042,EVH-TKT-000087,EVH-QR-B58A1620A7FC4A73,ACTIVE,2027-02-14 20:19:00+05:30,
88,50,63,1061,EVH-TKT-000088,EVH-QR-9D2507A0AAE7F672,ACTIVE,2027-02-14 20:19:00+05:30,
89,51,65,1146,EVH-TKT-000089,EVH-QR-23D1C97893D3D865,ACTIVE,2027-03-04 20:50:00+05:30,
90,52,68,1250,EVH-TKT-000090,EVH-QR-5F1C14B020DD5092,ACTIVE,2027-02-26 21:13:00+05:30,
91,52,69,1269,EVH-TKT-000091,EVH-QR-BE1685C01EF42420,ACTIVE,2027-02-26 21:13:00+05:30,
92,53,71,,EVH-TKT-000092,EVH-QR-08BAA302A45E2BEA,ACTIVE,2027-03-15 23:13:00+05:30,
93,54,73,,EVH-TKT-000093,EVH-QR-1A6A6104FABBBBB6,ACTIVE,2027-03-21 19:22:00+05:30,
94,54,73,,EVH-TKT-000094,EVH-QR-5B0271439EB13C34,ACTIVE,2027-03-21 19:22:00+05:30,
95,54,74,,EVH-TKT-000095,EVH-QR-2D1D7DADD6EA82CF,ACTIVE,2027-03-21 19:22:00+05:30,
96,54,74,,EVH-TKT-000096,EVH-QR-A6AE4537D0DD53A8,ACTIVE,2027-03-21 19:22:00+05:30,
97,55,1,,EVH-TKT-000097,EVH-QR-51794ECF8A876105,USED,2026-05-28 02:15:00+05:30,2026-06-12 22:02:00+05:30
98,56,3,3,EVH-TKT-000098,EVH-QR-BF1FE8CBA295F915,USED,2026-06-02 01:51:00+05:30,2026-06-25 15:23:00+05:30
99,56,4,22,EVH-TKT-000099,EVH-QR-A3FA81B992D42569,USED,2026-06-02 01:51:00+05:30,2026-06-25 15:12:00+05:30
100,57,6,107,EVH-TKT-000100,EVH-QR-D7571EC4AA37584B,USED,2026-06-12 20:07:00+05:30,2026-07-11 00:36:00+05:30
101,58,9,,EVH-TKT-000101,EVH-QR-835456FB64AF41FB,USED,2026-07-01 22:33:00+05:30,2026-07-22 15:42:00+05:30
102,58,9,,EVH-TKT-000102,EVH-QR-E49FC12C66C2C24D,USED,2026-07-01 22:33:00+05:30,2026-07-22 15:45:00+05:30
103,58,10,,EVH-TKT-000103,EVH-QR-BE357F88C7524CE0,USED,2026-07-01 22:33:00+05:30,2026-07-22 16:14:00+05:30
104,58,10,,EVH-TKT-000104,EVH-QR-C7B04717F38BAA10,USED,2026-07-01 22:33:00+05:30,2026-07-22 15:42:00+05:30
105,59,12,211,EVH-TKT-000105,EVH-QR-02949821E04E4D50,USED,2026-07-20 17:03:00+05:30,2026-08-05 16:57:00+05:30
106,60,15,,EVH-TKT-000106,EVH-QR-71C9B585EFF127F2,USED,2026-08-03 21:07:00+05:30,2026-08-19 00:13:00+05:30
107,60,15,,EVH-TKT-000107,EVH-QR-6E5734D8C1485266,USED,2026-08-03 21:07:00+05:30,2026-08-19 00:27:00+05:30
108,60,16,,EVH-TKT-000108,EVH-QR-56280B99AB06EF3E,USED,2026-08-03 21:07:00+05:30,2026-08-19 00:31:00+05:30
109,60,16,,EVH-TKT-000109,EVH-QR-53B273BEA3D9CA1A,USED,2026-08-03 21:07:00+05:30,2026-08-19 00:29:00+05:30
110,61,17,,EVH-TKT-000110,EVH-QR-1436213C2ED39394,USED,2026-08-07 02:56:00+05:30,2026-08-29 03:49:00+05:30
111,62,19,314,EVH-TKT-000111,EVH-QR-FD29BBEBEAE98E64,ACTIVE,2026-10-04 22:31:00+05:30,
112,62,20,334,EVH-TKT-000112,EVH-QR-6697073E21254ED6,ACTIVE,2026-10-04 22:31:00+05:30,
113,64,25,523,EVH-TKT-000113,EVH-QR-5B60E20DB65979C3,ACTIVE,2026-10-29 14:31:00+05:30,
114,64,26,542,EVH-TKT-000114,EVH-QR-FF286AEA222AABB2,ACTIVE,2026-10-29 14:31:00+05:30,
115,65,28,,EVH-TKT-000115,EVH-QR-128A993B3069A853,ACTIVE,2026-10-29 20:46:00+05:30,
116,66,31,,EVH-TKT-000116,EVH-QR-F97A5756EF363945,CANCELLED,2026-11-17 01:07:00+05:30,
117,66,31,,EVH-TKT-000117,EVH-QR-047E7CDF59FDFE3D,CANCELLED,2026-11-17 01:07:00+05:30,
118,66,32,,EVH-TKT-000118,EVH-QR-7E10CCDC97E5D411,CANCELLED,2026-11-17 01:07:00+05:30,
119,66,32,,EVH-TKT-000119,EVH-QR-36BBBA283F7E3795,CANCELLED,2026-11-17 01:07:00+05:30,
120,67,34,626,EVH-TKT-000120,EVH-QR-2FAFEC340594281C,ACTIVE,2026-11-25 17:05:00+05:30,
121,68,37,,EVH-TKT-000121,EVH-QR-1C6BA56610DA7451,ACTIVE,2026-11-25 20:10:00+05:30,
122,68,37,,EVH-TKT-000122,EVH-QR-B60D640AEF748AE9,ACTIVE,2026-11-25 20:10:00+05:30,
123,68,38,,EVH-TKT-000123,EVH-QR-61FA3321DF498746,ACTIVE,2026-11-25 20:10:00+05:30,
124,68,38,,EVH-TKT-000124,EVH-QR-1A2A4A06DE300CE0,ACTIVE,2026-11-25 20:10:00+05:30,
125,69,40,,EVH-TKT-000125,EVH-QR-E0817C97FB55350D,ACTIVE,2026-12-16 01:23:00+05:30,
126,71,45,730,EVH-TKT-000126,EVH-QR-58D607051C4E1341,ACTIVE,2027-01-01 01:02:00+05:30,
127,72,48,,EVH-TKT-000127,EVH-QR-0669AC6123A1CCBC,ACTIVE,2027-01-02 01:53:00+05:30,
128,72,48,,EVH-TKT-000128,EVH-QR-099ADDFF77D3A296,ACTIVE,2027-01-02 01:53:00+05:30,
129,72,49,,EVH-TKT-000129,EVH-QR-3E34C03FD88126EE,ACTIVE,2027-01-02 01:53:00+05:30,
130,72,49,,EVH-TKT-000130,EVH-QR-88E4BD9E59469D4D,ACTIVE,2027-01-02 01:53:00+05:30,
131,73,50,835,EVH-TKT-000131,EVH-QR-95A17FD594EAA097,ACTIVE,2027-01-14 20:25:00+05:30,
132,74,53,938,EVH-TKT-000132,EVH-QR-1ED3F3708E04B227,ACTIVE,2027-01-18 19:59:00+05:30,
133,74,54,957,EVH-TKT-000133,EVH-QR-39ED33ECA1E9A0AA,ACTIVE,2027-01-18 19:59:00+05:30,
134,76,59,,EVH-TKT-000134,EVH-QR-DC0733D33CA077CC,ACTIVE,2027-02-09 17:40:00+05:30,
135,76,59,,EVH-TKT-000135,EVH-QR-C0D9CC8C566F55FF,ACTIVE,2027-02-09 17:40:00+05:30,
136,76,60,,EVH-TKT-000136,EVH-QR-A82613BE2C0A1D66,ACTIVE,2027-02-09 17:40:00+05:30,
137,76,60,,EVH-TKT-000137,EVH-QR-737A008469274737,ACTIVE,2027-02-09 17:40:00+05:30,
138,77,62,1043,EVH-TKT-000138,EVH-QR-8821E4845834DCAA,CANCELLED,2027-02-21 22:27:00+05:30,
139,78,65,1147,EVH-TKT-000139,EVH-QR-1681E6CF4D15A22B,ACTIVE,2027-03-05 20:22:00+05:30,
140,78,66,1166,EVH-TKT-000140,EVH-QR-525CCF7F6E746B2C,ACTIVE,2027-03-05 20:22:00+05:30,
141,79,68,1251,EVH-TKT-000141,EVH-QR-F564AD5C26EA1950,ACTIVE,2027-03-12 00:41:00+05:30,
142,80,71,,EVH-TKT-000142,EVH-QR-52ADBE4A52440076,REFUNDED,2027-03-17 20:04:00+05:30,
143,80,71,,EVH-TKT-000143,EVH-QR-D751B174878BA78F,REFUNDED,2027-03-17 20:04:00+05:30,
144,80,72,,EVH-TKT-000144,EVH-QR-7095547E94DFC00C,REFUNDED,2027-03-17 20:04:00+05:30,
145,80,72,,EVH-TKT-000145,EVH-QR-E5C184F770B6C237,REFUNDED,2027-03-17 20:04:00+05:30,
146,81,73,,EVH-TKT-000146,EVH-QR-9A819E43B96E219C,ACTIVE,2027-03-25 17:15:00+05:30,
147,82,1,,EVH-TKT-000147,EVH-QR-C399274024C054CF,USED,2026-05-28 22:43:00+05:30,2026-06-12 22:12:00+05:30
148,82,1,,EVH-TKT-000148,EVH-QR-E0136940E1AE0786,USED,2026-05-28 22:43:00+05:30,2026-06-12 21:54:00+05:30
149,82,2,,EVH-TKT-000149,EVH-QR-7D7F07695A300B11,USED,2026-05-28 22:43:00+05:30,2026-06-12 22:11:00+05:30
150,82,2,,EVH-TKT-000150,EVH-QR-ACBA96E2C7095118,USED,2026-05-28 22:43:00+05:30,2026-06-12 21:37:00+05:30
151,83,3,4,EVH-TKT-000151,EVH-QR-EACA8785650A9B1D,USED,2026-05-29 23:03:00+05:30,2026-06-25 15:15:00+05:30
152,84,6,108,EVH-TKT-000152,EVH-QR-B940218A07351132,USED,2026-06-23 17:16:00+05:30,2026-07-11 00:59:00+05:30
153,84,7,126,EVH-TKT-000153,EVH-QR-1CE698D08F0648B4,USED,2026-06-23 17:16:00+05:30,2026-07-11 00:56:00+05:30
154,85,9,,EVH-TKT-000154,EVH-QR-6D73EC3BA9975B08,USED,2026-06-28 15:17:00+05:30,2026-07-22 16:12:00+05:30
155,86,12,212,EVH-TKT-000155,EVH-QR-86FEE4983B6B0A27,USED,2026-07-16 18:48:00+05:30,2026-08-05 17:09:00+05:30
156,86,13,230,EVH-TKT-000156,EVH-QR-1EA96D026E1D5112,USED,2026-07-16 18:48:00+05:30,2026-08-05 16:53:00+05:30
157,87,15,,EVH-TKT-000157,EVH-QR-0F848D03AED0B653,USED,2026-07-30 20:42:00+05:30,2026-08-19 00:45:00+05:30
158,88,17,,EVH-TKT-000158,EVH-QR-DD29EB36B87FF806,USED,2026-07-29 20:52:00+05:30,2026-08-29 04:09:00+05:30
159,88,17,,EVH-TKT-000159,EVH-QR-22F50E997A0518B8,USED,2026-07-29 20:52:00+05:30,2026-08-29 03:45:00+05:30
160,88,18,,EVH-TKT-000160,EVH-QR-531B60CFECFD67D4,USED,2026-07-29 20:52:00+05:30,2026-08-29 04:08:00+05:30
161,88,18,,EVH-TKT-000161,EVH-QR-AB64D0D8E178A55A,USED,2026-07-29 20:52:00+05:30,2026-08-29 03:36:00+05:30
162,89,19,315,EVH-TKT-000162,EVH-QR-70A4A75E952C35A4,ACTIVE,2026-09-29 22:39:00+05:30,
163,92,28,,EVH-TKT-000163,EVH-QR-CB356CD5E53C81BF,ACTIVE,2026-11-02 18:43:00+05:30,
164,92,28,,EVH-TKT-000164,EVH-QR-441C626EE5371AEC,ACTIVE,2026-11-02 18:43:00+05:30,
165,92,29,,EVH-TKT-000165,EVH-QR-ED93C5501F98C90B,ACTIVE,2026-11-02 18:43:00+05:30,
166,92,29,,EVH-TKT-000166,EVH-QR-5FDF776168B344D1,ACTIVE,2026-11-02 18:43:00+05:30,
167,93,31,,EVH-TKT-000167,EVH-QR-D8D57A44DB3A07F8,ACTIVE,2026-11-13 16:36:00+05:30,
168,94,34,627,EVH-TKT-000168,EVH-QR-19A6A68CC8F98D44,ACTIVE,2026-11-12 16:25:00+05:30,
169,94,35,645,EVH-TKT-000169,EVH-QR-2EE3AB3156BCFFD2,ACTIVE,2026-11-12 16:25:00+05:30,
170,95,37,,EVH-TKT-000170,EVH-QR-2A83813021B0BFB7,ACTIVE,2026-11-21 19:09:00+05:30,
171,96,40,,EVH-TKT-000171,EVH-QR-11A7D0A1890F6006,ACTIVE,2026-12-13 20:00:00+05:30,
172,96,40,,EVH-TKT-000172,EVH-QR-7E9CA5D242F796C1,ACTIVE,2026-12-13 20:00:00+05:30,
173,96,41,,EVH-TKT-000173,EVH-QR-BF6B7B3A5AC9A0F3,ACTIVE,2026-12-13 20:00:00+05:30,
174,96,41,,EVH-TKT-000174,EVH-QR-ECC9164330816C29,ACTIVE,2026-12-13 20:00:00+05:30,
175,97,42,,EVH-TKT-000175,EVH-QR-9C6FD58BF8442ABE,ACTIVE,2026-12-28 23:03:00+05:30,
176,99,48,,EVH-TKT-000176,EVH-QR-A677B43D02F4CD66,CANCELLED,2026-12-30 23:52:00+05:30,
177,100,50,836,EVH-TKT-000177,EVH-QR-43D894C561DFB019,REFUNDED,2027-01-20 16:19:00+05:30,
178,100,51,854,EVH-TKT-000178,EVH-QR-B57E7A4ED4B0A386,REFUNDED,2027-01-20 16:19:00+05:30,
179,101,53,939,EVH-TKT-000179,EVH-QR-BD0900C9758555E7,ACTIVE,2027-01-28 03:01:00+05:30,
180,102,56,,EVH-TKT-000180,EVH-QR-4A9EBC17EB91047E,ACTIVE,2027-01-29 03:12:00+05:30,
181,102,56,,EVH-TKT-000181,EVH-QR-B88497CCAB096DE2,ACTIVE,2027-01-29 03:12:00+05:30,
182,102,57,,EVH-TKT-000182,EVH-QR-321A04A5A6CB093B,ACTIVE,2027-01-29 03:12:00+05:30,
183,102,57,,EVH-TKT-000183,EVH-QR-F7E763BE8093F9EA,ACTIVE,2027-01-29 03:12:00+05:30,
184,103,59,,EVH-TKT-000184,EVH-QR-8EEA9921606A4345,ACTIVE,2027-02-13 19:57:00+05:30,
185,104,62,1043,EVH-TKT-000185,EVH-QR-3AA7B3460567AEB9,ACTIVE,2027-02-16 02:12:00+05:30,
186,104,63,1062,EVH-TKT-000186,EVH-QR-0FA6DA5564FEAE6C,ACTIVE,2027-02-16 02:12:00+05:30,
187,106,68,1252,EVH-TKT-000187,EVH-QR-9CA7ABD24F04EE79,ACTIVE,2027-03-07 02:59:00+05:30,
188,106,69,1270,EVH-TKT-000188,EVH-QR-442DA24B90FEDFC0,ACTIVE,2027-03-07 02:59:00+05:30,
189,107,71,,EVH-TKT-000189,EVH-QR-A4D383665694B74B,ACTIVE,2027-03-16 03:20:00+05:30,
190,108,73,,EVH-TKT-000190,EVH-QR-7A08EDF6D608A247,ACTIVE,2027-03-21 03:07:00+05:30,
191,108,73,,EVH-TKT-000191,EVH-QR-163AC1349EC3E489,ACTIVE,2027-03-21 03:07:00+05:30,
192,108,74,,EVH-TKT-000192,EVH-QR-19AA2BA2648C885C,ACTIVE,2027-03-21 03:07:00+05:30,
193,108,74,,EVH-TKT-000193,EVH-QR-15D1A927957C833C,ACTIVE,2027-03-21 03:07:00+05:30,
194,109,1,,EVH-TKT-000194,EVH-QR-12EDFFCA0EAE0A09,USED,2026-05-22 16:58:00+05:30,2026-06-12 22:11:00+05:30
195,110,3,5,EVH-TKT-000195,EVH-QR-3A147C021FBBF4F0,USED,2026-05-28 18:51:00+05:30,2026-06-25 15:12:00+05:30
196,110,4,23,EVH-TKT-000196,EVH-QR-716ED2311926A3B5,USED,2026-05-28 18:51:00+05:30,2026-06-25 15:25:00+05:30
