id,event_id,name,description,price,capacity,sold_count,sale_start,sale_end,is_active,created_at,updated_at
1,1,Early Bird Pass,Discounted admission for early community registrants.,399.00,100,7,2026-04-13 14:30:00+05:30,2026-05-14 05:29:00+05:30,True,2026-10-01 21:20:02.733558+05:30,2026-10-01 21:20:02.733558+05:30
2,1,General Admission,Full single-day admission to all keynotes and showcase floors.,799.00,500,4,2026-05-13 05:30:00+05:30,2026-06-12 21:30:00+05:30,True,2026-10-01 21:20:02.733558+05:30,2026-10-01 21:20:02.733558+05:30
3,2,VIP Reserved,Front-row premium reserved seating with lounge access.,2499.00,20,5,2026-05-11 14:30:00+05:30,2026-06-25 15:00:00+05:30,True,2026-10-01 21:20:02.733558+05:30,2026-10-01 21:20:02.733558+05:30
4,2,Premium Reserved,Center-tier seating with excellent stage sightlines.,1299.00,36,3,2026-05-11 14:30:00+05:30,2026-06-25 15:00:00+05:30,True,2026-10-01 21:20:02.733558+05:30,2026-10-01 21:20:02.733558+05:30
5,2,Standard Reserved,Rear-tier reserved seating with clear acoustic experience.,699.00,48,0,2026-05-11 14:30:00+05:30,2026-06-25 15:00:00+05:30,True,2026-10-01 21:20:02.733558+05:30,2026-10-01 21:20:02.733558+05:30
6,3,VIP Reserved,Front-row premium reserved seating with lounge access.,2499.00,20,4,2026-05-26 14:30:00+05:30,2026-07-11 00:30:00+05:30,True,2026-10-01 21:20:02.733558+05:30,2026-10-01 21:20:02.733558+05:30
7,3,Premium Reserved,Center-tier seating with excellent stage sightlines.,1299.00,36,2,2026-05-26 14:30:00+05:30,2026-07-11 00:30:00+05:30,True,2026-10-01 21:20:02.733558+05:30,2026-10-01 21:20:02.733558+05:30
8,3,Standard Reserved,Rear-tier reserved seating with clear acoustic experience.,699.00,48,0,2026-05-26 14:30:00+05:30,2026-07-11 00:30:00+05:30,True,2026-10-01 21:20:02.733558+05:30,2026-10-01 21:20:02.733558+05:30
9,4,Early Bird Pass,Discounted admission for early community registrants.,399.00,100,6,2026-05-23 14:30:00+05:30,2026-06-23 05:29:00+05:30,True,2026-10-01 21:20:02.733558+05:30,2026-10-01 21:20:02.733558+05:30
10,4,General Admission,Full single-day admission to all keynotes and showcase floors.,799.00,500,4,2026-06-22 05:30:00+05:30,2026-07-22 15:30:00+05:30,True,2026-10-01 21:20:02.733558+05:30,2026-10-01 21:20:02.733558+05:30
11,4,Executive / Workshop Pass,Includes networking dinner and all breakout workshops.,1799.00,50,0,2026-06-07 14:30:00+05:30,2026-07-22 15:30:00+05:30,True,2026-10-01 21:20:02.733558+05:30,2026-10-01 21:20:02.733558+05:30
12,5,VIP Reserved,Front-row premium reserved seating with lounge access.,2499.00,20,4,2026-06-21 14:30:00+05:30,2026-08-05 16:30:00+05:30,True,2026-10-01 21:20:02.733558+05:30,2026-10-01 21:20:02.733558+05:30
13,5,Premium Reserved,Center-tier seating with excellent stage sightlines.,1299.00,36,2,2026-06-21 14:30:00+05:30,2026-08-05 16:30:00+05:30,True,2026-10-01 21:20:02.733558+05:30,2026-10-01 21:20:02.733558+05:30
14,5,Standard Reserved,Rear-tier reserved seating with clear acoustic experience.,699.00,48,0,2026-06-21 14:30:00+05:30,2026-08-05 16:30:00+05:30,True,2026-10-01 21:20:02.733558+05:30,2026-10-01 21:20:02.733558+05:30
15,6,Early Bird Pass,Discounted admission for early community registrants.,399.00,100,6,2026-06-19 14:30:00+05:30,2026-07-20 05:29:00+05:30,True,2026-10-01 21:20:02.733558+05:30,2026-10-01 21:20:02.733558+05:30
16,6,General Admission,Full single-day admission to all keynotes and showcase floors.,799.00,500,4,2026-07-19 05:30:00+05:30,2026-08-19 00:00:00+05:30,True,2026-10-01 21:20:02.733558+05:30,2026-10-01 21:20:02.733558+05:30
17,7,Early Bird Pass,Discounted admission for early community registrants.,399.00,100,6,2026-06-29 14:30:00+05:30,2026-07-30 05:29:00+05:30,True,2026-10-01 21:20:02.733558+05:30,2026-10-01 21:20:02.733558+05:30
18,7,General Admission,Full single-day admission to all keynotes and showcase floors.,799.00,500,4,2026-07-29 05:30:00+05:30,2026-08-29 03:30:00+05:30,True,2026-10-01 21:20:02.733558+05:30,2026-10-01 21:20:02.733558+05:30
19,8,VIP Reserved,Front-row premium reserved seating with lounge access.,2499.00,20,3,2026-09-09 14:30:00+05:30,2026-10-25 00:00:00+05:30,True,2026-10-01 21:20:02.733558+05:30,2026-10-01 21:20:02.733558+05:30
20,8,Premium Reserved,Center-tier seating with excellent stage sightlines.,1299.00,36,2,2026-09-09 14:30:00+05:30,2026-10-25 00:00:00+05:30,True,2026-10-01 21:20:02.733558+05:30,2026-10-01 21:20:02.733558+05:30
21,8,Standard Reserved,Rear-tier reserved seating with clear acoustic experience.,699.00,48,0,2026-09-09 14:30:00+05:30,2026-10-25 00:00:00+05:30,True,2026-10-01 21:20:02.733558+05:30,2026-10-01 21:20:02.733558+05:30
22,9,VIP Reserved,Front-row premium reserved seating with lounge access.,2499.00,20,2,2026-09-30 14:30:00+05:30,2026-11-14 14:30:00+05:30,True,2026-10-01 21:20:02.733558+05:30,2026-10-01 21:20:02.733558+05:30
23,9,Premium Reserved,Center-tier seating with excellent stage sightlines.,1299.00,36,1,2026-09-30 14:30:00+05:30,2026-11-14 14:30:00+05:30,True,2026-10-01 21:20:02.733558+05:30,2026-10-01 21:20:02.733558+05:30
24,9,Standard Reserved,Rear-tier reserved seating with clear acoustic experience.,699.00,48,0,2026-09-30 14:30:00+05:30,2026-11-14 14:30:00+05:30,True,2026-10-01 21:20:02.733558+05:30,2026-10-01 21:20:02.733558+05:30
25,10,VIP Reserved,Front-row premium reserved seating with lounge access.,2499.00,20,3,2026-10-06 14:30:00+05:30,2026-11-21 01:00:00+05:30,True,2026-10-01 21:20:02.733558+05:30,2026-10-01 21:20:02.733558+05:30
26,10,Premium Reserved,Center-tier seating with excellent stage sightlines.,1299.00,36,2,2026-10-06 14:30:00+05:30,2026-11-21 01:00:00+05:30,True,2026-10-01 21:20:02.733558+05:30,2026-10-01 21:20:02.733558+05:30
27,10,Standard Reserved,Rear-tier reserved seating with clear acoustic experience.,699.00,48,0,2026-10-06 14:30:00+05:30,2026-11-21 01:00:00+05:30,True,2026-10-01 21:20:02.733558+05:30,2026-10-01 21:20:02.733558+05:30
28,11,Early Bird Pass,Discounted admission for early community registrants.,399.00,100,5,2026-09-29 14:30:00+05:30,2026-10-30 05:29:00+05:30,True,2026-10-01 21:20:02.733558+05:30,2026-10-01 21:20:02.733558+05:30
29,11,General Admission,Full single-day admission to all keynotes and showcase floors.,799.00,500,4,2026-10-29 05:30:00+05:30,2026-11-28 15:30:00+05:30,True,2026-10-01 21:20:02.733558+05:30,2026-10-01 21:20:02.733558+05:30
30,11,Executive / Workshop Pass,Includes networking dinner and all breakout workshops.,1799.00,50,0,2026-10-14 14:30:00+05:30,2026-11-28 15:30:00+05:30,True,2026-10-01 21:20:02.733558+05:30,2026-10-01 21:20:02.733558+05:30
31,12,Early Bird Pass,Discounted admission for early community registrants.,399.00,100,4,2026-10-06 14:30:00+05:30,2026-11-06 05:29:00+05:30,True,2026-10-01 21:20:02.733558+05:30,2026-10-01 21:20:02.733558+05:30
32,12,General Admission,Full single-day admission to all keynotes and showcase floors.,799.00,500,2,2026-11-05 05:30:00+05:30,2026-12-05 15:00:00+05:30,True,2026-10-01 21:20:02.733558+05:30,2026-10-01 21:20:02.733558+05:30
33,12,Executive / Workshop Pass,Includes networking dinner and all breakout workshops.,1799.00,50,0,2026-10-21 14:30:00+05:30,2026-12-05 15:00:00+05:30,True,2026-10-01 21:20:02.733558+05:30,2026-10-01 21:20:02.733558+05:30
34,13,VIP Reserved,Front-row premium reserved seating with lounge access.,2499.00,20,3,2026-10-28 14:30:00+05:30,2026-12-12 17:30:00+05:30,True,2026-10-01 21:20:02.733558+05:30,2026-10-01 21:20:02.733558+05:30
35,13,Premium Reserved,Center-tier seating with excellent stage sightlines.,1299.00,36,1,2026-10-28 14:30:00+05:30,2026-12-12 17:30:00+05:30,True,2026-10-01 21:20:02.733558+05:30,2026-10-01 21:20:02.733558+05:30
36,13,Standard Reserved,Rear-tier reserved seating with clear acoustic experience.,699.00,48,0,2026-10-28 14:30:00+05:30,2026-12-12 17:30:00+05:30,True,2026-10-01 21:20:02.733558+05:30,2026-10-01 21:20:02.733558+05:30
37,14,Early Bird Pass,Discounted admission for early community registrants.,399.00,100,4,2026-10-19 14:30:00+05:30,2026-11-19 05:29:00+05:30,True,2026-10-01 21:20:02.733558+05:30,2026-10-01 21:20:02.733558+05:30
38,14,General Admission,Full single-day admission to all keynotes and showcase floors.,799.00,500,2,2026-11-18 05:30:00+05:30,2026-12-18 15:30:00+05:30,True,2026-10-01 21:20:02.733558+05:30,2026-10-01 21:20:02.733558+05:30
39,14,Executive / Workshop Pass,Includes networking dinner and all breakout workshops.,1799.00,50,0,2026-11-03 14:30:00+05:30,2026-12-18 15:30:00+05:30,True,2026-10-01 21:20:02.733558+05:30,2026-10-01 21:20:02.733558+05:30
40,15,Early Bird Pass,Discounted admission for early community registrants.,399.00,100,3,2026-11-01 14:30:00+05:30,2026-12-02 05:29:00+05:30,True,2026-10-01 21:20:02.733558+05:30,2026-10-01 21:20:02.733558+05:30
41,15,General Admission,Full single-day admission to all keynotes and showcase floors.,799.00,500,2,2026-12-01 05:30:00+05:30,2026-12-31 22:30:00+05:30,True,2026-10-01 21:20:02.733558+05:30,2026-10-01 21:20:02.733558+05:30
42,16,Early Bird Pass,Discounted admission for early community registrants.,399.00,100,4,2026-11-16 14:30:00+05:30,2026-12-17 05:29:00+05:30,True,2026-10-01 21:20:02.733558+05:30,2026-10-01 21:20:02.733558+05:30
43,16,General Admission,Full single-day admission to all keynotes and showcase floors.,799.00,500,2,2026-12-16 05:30:00+05:30,2027-01-15 13:30:00+05:30,True,2026-10-01 21:20:02.733558+05:30,2026-10-01 21:20:02.733558+05:30
44,16,Executive / Workshop Pass,Includes networking dinner and all breakout workshops.,1799.00,50,0,2026-12-01 14:30:00+05:30,2027-01-15 13:30:00+05:30,True,2026-10-01 21:20:02.733558+05:30,2026-10-01 21:20:02.733558+05:30
45,17,VIP Reserved,Front-row premium reserved seating with lounge access.,2499.00,20,2,2026-12-08 14:30:00+05:30,2027-01-22 14:30:00+05:30,True,2026-10-01 21:20:02.733558+05:30,2026-10-01 21:20:02.733558+05:30
46,17,Premium Reserved,Center-tier seating with excellent stage sightlines.,1299.00,36,0,2026-12-08 14:30:00+05:30,2027-01-22 14:30:00+05:30,True,2026-10-01 21:20:02.733558+05:30,2026-10-01 21:20:02.733558+05:30
47,17,Standard Reserved,Rear-tier reserved seating with clear acoustic experience.,699.00,48,0,2026-12-08 14:30:00+05:30,2027-01-22 14:30:00+05:30,True,2026-10-01 21:20:02.733558+05:30,2026-10-01 21:20:02.733558+05:30
48,18,Early Bird Pass,Discounted admission for early community registrants.,399.00,100,4,2026-11-29 14:30:00+05:30,2026-12-30 05:29:00+05:30,True,2026-10-01 21:20:02.733558+05:30,2026-10-01 21:20:02.733558+05:30
49,18,General Admission,Full single-day admission to all keynotes and showcase floors.,799.00,500,4,2026-12-29 05:30:00+05:30,2027-01-28 16:30:00+05:30,True,2026-10-01 21:20:02.733558+05:30,2026-10-01 21:20:02.733558+05:30
50,19,VIP Reserved,Front-row premium reserved seating with lounge access.,2499.00,20,3,2026-12-23 14:30:00+05:30,2027-02-06 14:30:00+05:30,True,2026-10-01 21:20:02.733558+05:30,2026-10-01 21:20:02.733558+05:30
51,19,Premium Reserved,Center-tier seating with excellent stage sightlines.,1299.00,36,1,2026-12-23 14:30:00+05:30,2027-02-06 14:30:00+05:30,True,2026-10-01 21:20:02.733558+05:30,2026-10-01 21:20:02.733558+05:30
52,19,Standard Reserved,Rear-tier reserved seating with clear acoustic experience.,699.00,48,0,2026-12-23 14:30:00+05:30,2027-02-06 14:30:00+05:30,True,2026-10-01 21:20:02.733558+05:30,2026-10-01 21:20:02.733558+05:30
53,20,VIP Reserved,Front-row premium reserved seating with lounge access.,2499.00,20,3,2026-12-30 14:30:00+05:30,2027-02-14 00:30:00+05:30,True,2026-10-01 21:20:02.733558+05:30,2026-10-01 21:20:02.733558+05:30
54,20,Premium Reserved,Center-tier seating with excellent stage sightlines.,1299.00,36,1,2026-12-30 14:30:00+05:30,2027-02-14 00:30:00+05:30,True,2026-10-01 21:20:02.733558+05:30,2026-10-01 21:20:02.733558+05:30
55,20,Standard Reserved,Rear-tier reserved seating with clear acoustic experience.,699.00,48,0,2026-12-30 14:30:00+05:30,2027-02-14 00:30:00+05:30,True,2026-10-01 21:20:02.733558+05:30,2026-10-01 21:20:02.733558+05:30
56,21,Early Bird Pass,Discounted admission for early community registrants.,399.00,100,4,2026-12-22 14:30:00+05:30,2027-01-22 05:29:00+05:30,True,2026-10-01 21:20:02.733558+05:30,2026-10-01 21:20:02.733558+05:30
57,21,General Admission,Full single-day admission to all keynotes and showcase floors.,799.00,500,4,2027-01-21 05:30:00+05:30,2027-02-20 15:30:00+05:30,True,2026-10-01 21:20:02.733558+05:30,2026-10-01 21:20:02.733558+05:30
58,21,Executive / Workshop Pass,Includes networking dinner and all breakout workshops.,1799.00,50,0,2027-01-06 14:30:00+05:30,2027-02-20 15:30:00+05:30,True,2026-10-01 21:20:02.733558+05:30,2026-10-01 21:20:02.733558+05:30
59,22,Early Bird Pass,Discounted admission for early community registrants.,399.00,100,3,2027-01-04 14:30:00+05:30,2027-02-04 05:29:00+05:30,True,2026-10-01 21:20:02.733558+05:30,2026-10-01 21:20:02.733558+05:30
60,22,General Admission,Full single-day admission to all keynotes and showcase floors.,799.00,500,2,2027-02-03 05:30:00+05:30,2027-03-05 15:00:00+05:30,True,2026-10-01 21:20:02.733558+05:30,2026-10-01 21:20:02.733558+05:30
61,22,Executive / Workshop Pass,Includes networking dinner and all breakout workshops.,1799.00,50,0,2027-01-19 14:30:00+05:30,2027-03-05 15:00:00+05:30,True,2026-10-01 21:20:02.733558+05:30,2026-10-01 21:20:02.733558+05:30
62,23,VIP Reserved,Front-row premium reserved seating with lounge access.,2499.00,20,3,2027-01-26 14:30:00+05:30,2027-03-13 01:00:00+05:30,True,2026-10-01 21:20:02.733558+05:30,2026-10-01 21:20:02.733558+05:30
63,23,Premium Reserved,Center-tier seating with excellent stage sightlines.,1299.00,36,2,2027-01-26 14:30:00+05:30,2027-03-13 01:00:00+05:30,True,2026-10-01 21:20:02.733558+05:30,2026-10-01 21:20:02.733558+05:30
64,23,Standard Reserved,Rear-tier reserved seating with clear acoustic experience.,699.00,48,0,2027-01-26 14:30:00+05:30,2027-03-13 01:00:00+05:30,True,2026-10-01 21:20:02.733558+05:30,2026-10-01 21:20:02.733558+05:30
65,24,VIP Reserved,Front-row premium reserved seating with lounge access.,2499.00,20,3,2027-02-03 14:30:00+05:30,2027-03-20 14:30:00+05:30,True,2026-10-01 21:20:02.733558+05:30,2026-10-01 21:20:02.733558+05:30
66,24,Premium Reserved,Center-tier seating with excellent stage sightlines.,1299.00,36,2,2027-02-03 14:30:00+05:30,2027-03-20 14:30:00+05:30,True,2026-10-01 21:20:02.733558+05:30,2026-10-01 21:20:02.733558+05:30
67,24,Standard Reserved,Rear-tier reserved seating with clear acoustic experience.,699.00,48,0,2027-02-03 14:30:00+05:30,2027-03-20 14:30:00+05:30,True,2026-10-01 21:20:02.733558+05:30,2026-10-01 21:20:02.733558+05:30
68,25,VIP Reserved,Front-row premium reserved seating with lounge access.,2499.00,20,4,2027-02-10 14:30:00+05:30,2027-03-27 15:30:00+05:30,True,2026-10-01 21:20:02.733558+05:30,2026-10-01 21:20:02.733558+05:30
69,25,Premium Reserved,Center-tier seating with excellent stage sightlines.,1299.00,36,2,2027-02-10 14:30:00+05:30,2027-03-27 15:30:00+05:30,True,2026-10-01 21:20:02.733558+05:30,2026-10-01 21:20:02.733558+05:30
70,25,Standard Reserved,Rear-tier reserved seating with clear acoustic experience.,699.00,48,0,2027-02-10 14:30:00+05:30,2027-03-27 15:30:00+05:30,True,2026-10-01 21:20:02.733558+05:30,2026-10-01 21:20:02.733558+05:30
71,26,Early Bird Pass,Discounted admission for early community registrants.,399.00,100,4,2027-02-09 14:30:00+05:30,2027-03-12 05:29:00+05:30,True,2026-10-01 21:20:02.733558+05:30,2026-10-01 21:20:02.733558+05:30
72,26,General Admission,Full single-day admission to all keynotes and showcase floors.,799.00,500,2,2027-03-11 05:30:00+05:30,2027-04-10 16:30:00+05:30,True,2026-10-01 21:20:02.733558+05:30,2026-10-01 21:20:02.733558+05:30
73,27,Early Bird Pass,Discounted admission for early community registrants.,399.00,100,6,2027-02-16 14:30:00+05:30,2027-03-19 05:29:00+05:30,True,2026-10-01 21:20:02.733558+05:30,2026-10-01 21:20:02.733558+05:30
74,27,General Admission,Full single-day admission to all keynotes and showcase floors.,799.00,500,4,2027-03-18 05:30:00+05:30,2027-04-17 15:00:00+05:30,True,2026-10-01 21:20:02.733558+05:30,2026-10-01 21:20:02.733558+05:30
75,27,Executive / Workshop Pass,Includes networking dinner and all breakout workshops.,1799.00,50,0,2027-03-03 14:30:00+05:30,2027-04-17 15:00:00+05:30,True,2026-10-01 21:20:02.733558+05:30,2026-10-01 21:20:02.733558+05:30
76,28,Early Bird Pass,Discounted admission for early community registrants.,399.00,100,0,2027-03-16 14:30:00+05:30,2027-04-16 05:29:00+05:30,True,2026-10-01 21:20:02.733558+05:30,2026-10-01 21:20:02.733558+05:30
77,28,General Admission,Full single-day admission to all keynotes and showcase floors.,799.00,500,0,2027-04-15 05:30:00+05:30,2027-05-15 15:30:00+05:30,True,2026-10-01 21:20:02.733558+05:30,2026-10-01 21:20:02.733558+05:30
78,28,Executive / Workshop Pass,Includes networking dinner and all breakout workshops.,1799.00,50,0,2027-03-31 14:30:00+05:30,2027-05-15 15:30:00+05:30,True,2026-10-01 21:20:02.733558+05:30,2026-10-01 21:20:02.733558+05:30
79,29,VIP Reserved,Front-row premium reserved seating with lounge access.,2499.00,20,0,2027-04-26 14:30:00+05:30,2027-06-10 14:30:00+05:30,True,2026-10-01 21:20:02.733558+05:30,2026-10-01 21:20:02.733558+05:30
80,29,Premium Reserved,Center-tier seating with excellent stage sightlines.,1299.00,36,0,2027-04-26 14:30:00+05:30,2027-06-10 14:30:00+05:30,True,2026-10-01 21:20:02.733558+05:30,2026-10-01 21:20:02.733558+05:30
81,29,Standard Reserved,Rear-tier reserved seating with clear acoustic experience.,699.00,48,0,2027-04-26 14:30:00+05:30,2027-06-10 14:30:00+05:30,True,2026-10-01 21:20:02.733558+05:30,2026-10-01 21:20:02.733558+05:30
82,30,Early Bird Pass,Discounted admission for early community registrants.,399.00,100,0,2027-04-21 14:30:00+05:30,2027-05-22 05:29:00+05:30,True,2026-10-01 21:20:02.733558+05:30,2026-10-01 21:20:02.733558+05:30
83,30,General Admission,Full single-day admission to all keynotes and showcase floors.,799.00,500,0,2027-05-21 05:30:00+05:30,2027-06-20 19:30:00+05:30,True,2026-10-01 21:20:02.733558+05:30,2026-10-01 21:20:02.733558+05:30
84,30,Executive / Workshop Pass,Includes networking dinner and all breakout workshops.,1799.00,50,0,2027-05-06 14:30:00+05:30,2027-06-20 19:30:00+05:30,True,2026-10-01 21:20:02.733558+05:30,2026-10-01 21:20:02.733558+05:30
85,31,Early Bird Pass,Discounted admission for early community registrants.,399.00,100,0,2026-05-19 14:30:00+05:30,2026-06-19 05:29:00+05:30,True,2026-10-01 21:20:02.733558+05:30,2026-10-01 21:20:02.733558+05:30
86,31,General Admission,Full single-day admission to all keynotes and showcase floors.,799.00,500,0,2026-06-18 05:30:00+05:30,2026-07-18 21:30:00+05:30,True,2026-10-01 21:20:02.733558+05:30,2026-10-01 21:20:02.733558+05:30
87,32,VIP Reserved,Front-row premium reserved seating with lounge access.,2499.00,20,0,2026-07-08 14:30:00+05:30,2026-08-22 19:30:00+05:30,True,2026-10-01 21:20:02.733558+05:30,2026-10-01 21:20:02.733558+05:30
88,32,Premium Reserved,Center-tier seating with excellent stage sightlines.,1299.00,36,0,2026-07-08 14:30:00+05:30,2026-08-22 19:30:00+05:30,True,2026-10-01 21:20:02.733558+05:30,2026-10-01 21:20:02.733558+05:30
89,32,Standard Reserved,Rear-tier reserved seating with clear acoustic experience.,699.00,48,0,2026-07-08 14:30:00+05:30,2026-08-22 19:30:00+05:30,True,2026-10-01 21:20:02.733558+05:30,2026-10-01 21:20:02.733558+05:30
