id,full_name,email,password_hash,phone,role,is_active,created_at,updated_at
1,Priya Nair,priya.nair.admin@example.com,pbkdf2:sha256:100000$eventhub_demo_salt_2026$a743fb83ce110fbc1d06c7205895e4762dc3bc05d97a230fb51981572fdc952a,+1-555-0101,ADMIN,True,2026-04-03 15:30:00+05:30,2026-04-03 15:30:00+05:30
2,David Chen,david.chen.admin@example.com,pbkdf2:sha256:100000$eventhub_demo_salt_2026$a743fb83ce110fbc1d06c7205895e4762dc3bc05d97a230fb51981572fdc952a,+1-555-0102,ADMIN,True,2026-04-03 15:30:00+05:30,2026-04-03 15:30:00+05:30
3,Rajesh Gupta,rajesh.gupta.admin@example.com,pbkdf2:sha256:100000$eventhub_demo_salt_2026$a743fb83ce110fbc1d06c7205895e4762dc3bc05d97a230fb51981572fdc952a,+1-555-0103,ADMIN,True,2026-04-03 15:30:00+05:30,2026-04-03 15:30:00+05:30
4,Vikram Malhotra,vikram.malhotra@example.com,pbkdf2:sha256:100000$eventhub_demo_salt_2026$a743fb83ce110fbc1d06c7205895e4762dc3bc05d97a230fb51981572fdc952a,+1-555-0104,ORGANIZER,True,2026-04-23 15:30:00+05:30,2026-04-23 15:30:00+05:30
5,Sarah Jenkins,sarah.jenkins@example.com,pbkdf2:sha256:100000$eventhub_demo_salt_2026$a743fb83ce110fbc1d06c7205895e4762dc3bc05d97a230fb51981572fdc952a,+1-555-0105,ORGANIZER,True,2026-04-23 15:30:00+05:30,2026-04-23 15:30:00+05:30
6,Arjun Kapoor,arjun.kapoor@example.com,pbkdf2:sha256:100000$eventhub_demo_salt_2026$a743fb83ce110fbc1d06c7205895e4762dc3bc05d97a230fb51981572fdc952a,+1-555-0106,ORGANIZER,True,2026-04-23 15:30:00+05:30,2026-04-23 15:30:00+05:30
7,Elena Rostova,elena.rostova@example.com,pbkdf2:sha256:100000$eventhub_demo_salt_2026$a743fb83ce110fbc1d06c7205895e4762dc3bc05d97a230fb51981572fdc952a,+1-555-0107,ORGANIZER,True,2026-04-23 15:30:00+05:30,2026-04-23 15:30:00+05:30
8,Rahul Sen,rahul.sen@example.com,pbkdf2:sha256:100000$eventhub_demo_salt_2026$a743fb83ce110fbc1d06c7205895e4762dc3bc05d97a230fb51981572fdc952a,+1-555-0108,ORGANIZER,True,2026-04-23 15:30:00+05:30,2026-04-23 15:30:00+05:30
9,Neha Varma,neha.varma@example.com,pbkdf2:sha256:100000$eventhub_demo_salt_2026$a743fb83ce110fbc1d06c7205895e4762dc3bc05d97a230fb51981572fdc952a,+1-555-0109,ORGANIZER,True,2026-04-23 15:30:00+05:30,2026-04-23 15:30:00+05:30
10,Tanmay Bhatia,tanmay.bhatia@example.com,pbkdf2:sha256:100000$eventhub_demo_salt_2026$a743fb83ce110fbc1d06c7205895e4762dc3bc05d97a230fb51981572fdc952a,+1-555-0110,ORGANIZER,True,2026-04-23 15:30:00+05:30,2026-04-23 15:30:00+05:30
11,Michael Chang,michael.chang@example.com,pbkdf2:sha256:100000$eventhub_demo_salt_2026$a743fb83ce110fbc1d06c7205895e4762dc3bc05d97a230fb51981572fdc952a,+1-555-0111,ORGANIZER,True,2026-04-23 15:30:00+05:30,2026-04-23 15:30:00+05:30
12,Sneha Reddy,sneha.reddy@example.com,pbkdf2:sha256:100000$eventhub_demo_salt_2026$a743fb83ce110fbc1d06c7205895e4762dc3bc05d97a230fb51981572fdc952a,+1-555-0112,ORGANIZER,True,2026-04-23 15:30:00+05:30,2026-04-23 15:30:00+05:30
13,Devendra Patel,devendra.patel@example.com,pbkdf2:sha256:100000$eventhub_demo_salt_2026$a743fb83ce110fbc1d06c7205895e4762dc3bc05d97a230fb51981572fdc952a,+1-555-0113,ORGANIZER,True,2026-04-23 15:30:00+05:30,2026-04-23 15:30:00+05:30
14,Aarav Mehta,aarav.mehta@example.com,pbkdf2:sha256:100000$eventhub_demo_salt_2026$a743fb83ce110fbc1d06c7205895e4762dc3bc05d97a230fb51981572fdc952a,+1-555-0114,CUSTOMER,True,2026-07-07 15:30:00+05:30,2026-07-26 15:30:00+05:30
15,Riya Shah,riya.shah@example.com,pbkdf2:sha256:100000$eventhub_demo_salt_2026$a743fb83ce110fbc1d06c7205895e4762dc3bc05d97a230fb51981572fdc952a,+1-555-0115,CUSTOMER,True,2026-05-19 15:30:00+05:30,2026-07-23 15:30:00+05:30
16,Kabir Patel,kabir.patel@example.com,pbkdf2:sha256:100000$eventhub_demo_salt_2026$a743fb83ce110fbc1d06c7205895e4762dc3bc05d97a230fb51981572fdc952a,+1-555-0116,CUSTOMER,True,2026-07-09 15:30:00+05:30,2026-07-28 15:30:00+05:30
17,Anaya Desai,anaya.desai@example.com,pbkdf2:sha256:100000$eventhub_demo_salt_2026$a743fb83ce110fbc1d06c7205895e4762dc3bc05d97a230fb51981572fdc952a,+1-555-0117,CUSTOMER,True,2026-05-07 15:30:00+05:30,2026-07-22 15:30:00+05:30
18,Vihaan Joshi,vihaan.joshi@example.com,pbkdf2:sha256:100000$eventhub_demo_salt_2026$a743fb83ce110fbc1d06c7205895e4762dc3bc05d97a230fb51981572fdc952a,+1-555-0118,CUSTOMER,True,2026-05-12 15:30:00+05:30,2026-07-25 15:30:00+05:30
19,Zara Khan,zara.khan@example.com,pbkdf2:sha256:100000$eventhub_demo_salt_2026$a743fb83ce110fbc1d06c7205895e4762dc3bc05d97a230fb51981572fdc952a,+1-555-0119,CUSTOMER,True,2026-05-10 15:30:00+05:30,2026-07-23 15:30:00+05:30
20,Rohan Verma,rohan.verma@example.com,pbkdf2:sha256:100000$eventhub_demo_salt_2026$a743fb83ce110fbc1d06c7205895e4762dc3bc05d97a230fb51981572fdc952a,+1-555-0120,CUSTOMER,True,2026-05-21 15:30:00+05:30,2026-07-22 15:30:00+05:30
21,Pooja Sharma,pooja.sharma@example.com,pbkdf2:sha256:100000$eventhub_demo_salt_2026$a743fb83ce110fbc1d06c7205895e4762dc3bc05d97a230fb51981572fdc952a,+1-555-0121,CUSTOMER,True,2026-05-27 15:30:00+05:30,2026-07-28 15:30:00+05:30
22,Siddharth Nair,siddharth.nair@example.com,pbkdf2:sha256:100000$eventhub_demo_salt_2026$a743fb83ce110fbc1d06c7205895e4762dc3bc05d97a230fb51981572fdc952a,+1-555-0122,CUSTOMER,True,2026-07-22 15:30:00+05:30,2026-07-22 15:30:00+05:30
23,Meera Iyer,meera.iyer@example.com,pbkdf2:sha256:100000$eventhub_demo_salt_2026$a743fb83ce110fbc1d06c7205895e4762dc3bc05d97a230fb51981572fdc952a,+1-555-0123,CUSTOMER,True,2026-07-12 15:30:00+05:30,2026-07-30 15:30:00+05:30
24,Aditya Roy,aditya.roy@example.com,pbkdf2:sha256:100000$eventhub_demo_salt_2026$a743fb83ce110fbc1d06c7205895e4762dc3bc05d97a230fb51981572fdc952a,+1-555-0124,CUSTOMER,True,2026-06-16 15:30:00+05:30,2026-07-30 15:30:00+05:30
25,Isha Singhania,isha.singhania@example.com,pbkdf2:sha256:100000$eventhub_demo_salt_2026$a743fb83ce110fbc1d06c7205895e4762dc3bc05d97a230fb51981572fdc952a,+1-555-0125,CUSTOMER,True,2026-05-26 15:30:00+05:30,2026-07-31 15:30:00+05:30
26,Kunal Ghosh,kunal.ghosh@example.com,pbkdf2:sha256:100000$eventhub_demo_salt_2026$a743fb83ce110fbc1d06c7205895e4762dc3bc05d97a230fb51981572fdc952a,+1-555-0126,CUSTOMER,True,2026-05-21 15:30:00+05:30,2026-07-26 15:30:00+05:30
27,Shreya Kulkarni,shreya.kulkarni@example.com,pbkdf2:sha256:100000$eventhub_demo_salt_2026$a743fb83ce110fbc1d06c7205895e4762dc3bc05d97a230fb51981572fdc952a,+1-555-0127,CUSTOMER,True,2026-06-26 15:30:00+05:30,2026-07-25 15:30:00+05:30
28,Nikhil Rao,nikhil.rao@example.com,pbkdf2:sha256:100000$eventhub_demo_salt_2026$a743fb83ce110fbc1d06c7205895e4762dc3bc05d97a230fb51981572fdc952a,+1-555-0128,CUSTOMER,True,2026-06-20 15:30:00+05:30,2026-07-26 15:30:00+05:30
29,Diya Sengupta,diya.sengupta@example.com,pbkdf2:sha256:100000$eventhub_demo_salt_2026$a743fb83ce110fbc1d06c7205895e4762dc3bc05d97a230fb51981572fdc952a,+1-555-0129,CUSTOMER,True,2026-06-07 15:30:00+05:30,2026-07-25 15:30:00+05:30
30,Farhan Akhtar,farhan.akhtar@example.com,pbkdf2:sha256:100000$eventhub_demo_salt_2026$a743fb83ce110fbc1d06c7205895e4762dc3bc05d97a230fb51981572fdc952a,+1-555-0130,CUSTOMER,True,2026-05-18 15:30:00+05:30,2026-07-30 15:30:00+05:30
31,Lavanya Sundaram,lavanya.sundaram@example.com,pbkdf2:sha256:100000$eventhub_demo_salt_2026$a743fb83ce110fbc1d06c7205895e4762dc3bc05d97a230fb51981572fdc952a,+1-555-0131,CUSTOMER,True,2026-06-09 15:30:00+05:30,2026-07-30 15:30:00+05:30
32,Varun Tej,varun.tej@example.com,pbkdf2:sha256:100000$eventhub_demo_salt_2026$a743fb83ce110fbc1d06c7205895e4762dc3bc05d97a230fb51981572fdc952a,+1-555-0132,CUSTOMER,True,2026-05-12 15:30:00+05:30,2026-07-23 15:30:00+05:30
33,Kriti Sanon,kriti.sanon@example.com,pbkdf2:sha256:100000$eventhub_demo_salt_2026$a743fb83ce110fbc1d06c7205895e4762dc3bc05d97a230fb51981572fdc952a,+1-555-0133,CUSTOMER,True,2026-06-15 15:30:00+05:30,2026-07-27 15:30:00+05:30
34,Harshwardhan Rathi,harshwardhan.rathi@example.com,pbkdf2:sha256:100000$eventhub_demo_salt_2026$a743fb83ce110fbc1d06c7205895e4762dc3bc05d97a230fb51981572fdc952a,+1-555-0134,CUSTOMER,True,2026-05-25 15:30:00+05:30,2026-07-29 15:30:00+05:30
35,Natasha Paul,natasha.paul@example.com,pbkdf2:sha256:100000$eventhub_demo_salt_2026$a743fb83ce110fbc1d06c7205895e4762dc3bc05d97a230fb51981572fdc952a,+1-555-0135,CUSTOMER,True,2026-05-10 15:30:00+05:30,2026-07-27 15:30:00+05:30
36,Gautam Gambhir,gautam.gambhir@example.com,pbkdf2:sha256:100000$eventhub_demo_salt_2026$a743fb83ce110fbc1d06c7205895e4762dc3bc05d97a230fb51981572fdc952a,+1-555-0136,CUSTOMER,True,2026-07-19 15:30:00+05:30,2026-07-26 15:30:00+05:30
37,Alisha Chinai,alisha.chinai@example.com,pbkdf2:sha256:100000$eventhub_demo_salt_2026$a743fb83ce110fbc1d06c7205895e4762dc3bc05d97a230fb51981572fdc952a,+1-555-0137,CUSTOMER,True,2026-06-06 15:30:00+05:30,2026-07-24 15:30:00+05:30
38,Manav Kaul,manav.kaul@example.com,pbkdf2:sha256:100000$eventhub_demo_salt_2026$a743fb83ce110fbc1d06c7205895e4762dc3bc05d97a230fb51981572fdc952a,+1-555-0138,CUSTOMER,True,2026-05-29 15:30:00+05:30,2026-07-30 15:30:00+05:30
39,Parineeti Sethi,parineeti.sethi@example.com,pbkdf2:sha256:100000$eventhub_demo_salt_2026$a743fb83ce110fbc1d06c7205895e4762dc3bc05d97a230fb51981572fdc952a,+1-555-0139,CUSTOMER,True,2026-06-01 15:30:00+05:30,2026-07-22 15:30:00+05:30
40,Chetan Bhagat,chetan.bhagat@example.com,pbkdf2:sha256:100000$eventhub_demo_salt_2026$a743fb83ce110fbc1d06c7205895e4762dc3bc05d97a230fb51981572fdc952a,+1-555-0140,CUSTOMER,True,2026-05-13 15:30:00+05:30,2026-07-24 15:30:00+05:30
41,Sania Mirza,sania.mirza@example.com,pbkdf2:sha256:100000$eventhub_demo_salt_2026$a743fb83ce110fbc1d06c7205895e4762dc3bc05d97a230fb51981572fdc952a,+1-555-0141,CUSTOMER,True,2026-07-08 15:30:00+05:30,2026-07-25 15:30:00+05:30
42,Pranav Anand,pranav.anand@example.com,pbkdf2:sha256:100000$eventhub_demo_salt_2026$a743fb83ce110fbc1d06c7205895e4762dc3bc05d97a230fb51981572fdc952a,+1-555-0142,CUSTOMER,True,2026-05-19 15:30:00+05:30,2026-07-22 15:30:00+05:30
43,Simran Kaur,simran.kaur@example.com,pbkdf2:sha256:100000$eventhub_demo_salt_2026$a743fb83ce110fbc1d06c7205895e4762dc3bc05d97a230fb51981572fdc952a,+1-555-0143,CUSTOMER,True,2026-05-21 15:30:00+05:30,2026-07-25 15:30:00+05:30
44,Ojasvi Trivedi,ojasvi.trivedi@example.com,pbkdf2:sha256:100000$eventhub_demo_salt_2026$a743fb83ce110fbc1d06c7205895e4762dc3bc05d97a230fb51981572fdc952a,+1-555-0144,CUSTOMER,True,2026-05-16 15:30:00+05:30,2026-07-27 15:30:00+05:30
45,Tushar Kapoor,tushar.kapoor@example.com,pbkdf2:sha256:100000$eventhub_demo_salt_2026$a743fb83ce110fbc1d06c7205895e4762dc3bc05d97a230fb51981572fdc952a,+1-555-0145,CUSTOMER,True,2026-05-30 15:30:00+05:30,2026-07-22 15:30:00+05:30
