id,venue_id,section_name,row_label,seat_number,seat_label,seat_type,is_active
1,1,Section A,A,1,A-A-01,VIP,True
2,1,Section A,A,2,A-A-02,VIP,True
3,1,Section A,A,3,A-A-03,VIP,True
4,1,Section A,A,4,A-A-04,VIP,True
5,1,Section A,A,5,A-A-05,VIP,True
6,1,Section A,A,6,A-A-06,VIP,True
7,1,Section A,A,7,A-A-07,VIP,True
8,1,Section A,A,8,A-A-08,VIP,True
9,1,Section A,A,9,A-A-09,VIP,True
10,1,Section A,A,10,A-A-10,VIP,True
11,1,Section A,B,1,A-B-01,VIP,True
12,1,Section A,B,2,A-B-02,VIP,True
13,1,Section A,B,3,A-B-03,VIP,True
14,1,Section A,B,4,A-B-04,VIP,True
15,1,Section A,B,5,A-B-05,VIP,True
16,1,Section A,B,6,A-B-06,VIP,True
17,1,Section A,B,7,A-B-07,VIP,True
18,1,Section A,B,8,A-B-08,VIP,True
19,1,Section A,B,9,A-B-09,VIP,True
20,1,Section A,B,10,A-B-10,VIP,True
21,1,Section B,C,1,B-C-01,PREMIUM,True
22,1,Section B,C,2,B-C-02,PREMIUM,True
23,1,Section B,C,3,B-C-03,PREMIUM,True
24,1,Section B,C,4,B-C-04,PREMIUM,True
25,1,Section B,C,5,B-C-05,PREMIUM,True
26,1,Section B,C,6,B-C-06,PREMIUM,True
27,1,Section B,C,7,B-C-07,PREMIUM,True
28,1,Section B,C,8,B-C-08,PREMIUM,True
29,1,Section B,C,9,B-C-09,PREMIUM,True
30,1,Section B,C,10,B-C-10,PREMIUM,True
31,1,Section B,C,11,B-C-11,PREMIUM,True
32,1,Section B,C,12,B-C-12,PREMIUM,True
33,1,Section B,D,1,B-D-01,PREMIUM,True
34,1,Section B,D,2,B-D-02,PREMIUM,True
35,1,Section B,D,3,B-D-03,PREMIUM,True
36,1,Section B,D,4,B-D-04,PREMIUM,True
37,1,Section B,D,5,B-D-05,PREMIUM,True
38,1,Section B,D,6,B-D-06,PREMIUM,True
39,1,Section B,D,7,B-D-07,PREMIUM,True
40,1,Section B,D,8,B-D-08,PREMIUM,True
41,1,Section B,D,9,B-D-09,PREMIUM,True
42,1,Section B,D,10,B-D-10,PREMIUM,True
43,1,Section B,D,11,B-D-11,PREMIUM,True
44,1,Section B,D,12,B-D-12,PREMIUM,True
45,1,Section B,E,1,B-E-01,PREMIUM,True
46,1,Section B,E,2,B-E-02,PREMIUM,True
47,1,Section B,E,3,B-E-03,PREMIUM,True
48,1,Section B,E,4,B-E-04,PREMIUM,True
49,1,Section B,E,5,B-E-05,PREMIUM,True
50,1,Section B,E,6,B-E-06,PREMIUM,True
51,1,Section B,E,7,B-E-07,PREMIUM,True
52,1,Section B,E,8,B-E-08,PREMIUM,True
53,1,Section B,E,9,B-E-09,PREMIUM,True
54,1,Section B,E,10,B-E-10,PREMIUM,True
55,1,Section B,E,11,B-E-11,PREMIUM,True
56,1,Section B,E,12,B-E-12,PREMIUM,True
57,1,Section C,F,1,C-F-01,STANDARD,True
58,1,Section C,F,2,C-F-02,STANDARD,True
59,1,Section C,F,3,C-F-03,STANDARD,True
60,1,Section C,F,4,C-F-04,STANDARD,True
61,1,Section C,F,5,C-F-05,STANDARD,True
62,1,Section C,F,6,C-F-06,STANDARD,True
63,1,Section C,F,7,C-F-07,STANDARD,True
64,1,Section C,F,8,C-F-08,STANDARD,True
65,1,Section C,F,9,C-F-09,STANDARD,True
66,1,Section C,F,10,C-F-10,STANDARD,True
67,1,Section C,F,11,C-F-11,STANDARD,True
68,1,Section C,F,12,C-F-12,STANDARD,True
69,1,Section C,G,1,C-G-01,STANDARD,True
70,1,Section C,G,2,C-G-02,STANDARD,True
71,1,Section C,G,3,C-G-03,STANDARD,True
72,1,Section C,G,4,C-G-04,STANDARD,True
73,1,Section C,G,5,C-G-05,STANDARD,True
74,1,Section C,G,6,C-G-06,STANDARD,True
75,1,Section C,G,7,C-G-07,STANDARD,True
76,1,Section C,G,8,C-G-08,STANDARD,True
77,1,Section C,G,9,C-G-09,STANDARD,True
78,1,Section C,G,10,C-G-10,STANDARD,True
79,1,Section C,G,11,C-G-11,STANDARD,True
80,1,Section C,G,12,C-G-12,STANDARD,True
81,1,Section C,H,1,C-H-01,STANDARD,True
82,1,Section C,H,2,C-H-02,STANDARD,True
83,1,Section C,H,3,C-H-03,STANDARD,True
84,1,Section C,H,4,C-H-04,STANDARD,True
85,1,Section C,H,5,C-H-05,STANDARD,True
86,1,Section C,H,6,C-H-06,STANDARD,True
87,1,Section C,H,7,C-H-07,STANDARD,True
88,1,Section C,H,8,C-H-08,STANDARD,True
89,1,Section C,H,9,C-H-09,STANDARD,True
90,1,Section C,H,10,C-H-10,STANDARD,True
91,1,Section C,H,11,C-H-11,STANDARD,True
92,1,Section C,H,12,C-H-12,STANDARD,True
93,1,Section C,J,1,C-J-01,STANDARD,True
94,1,Section C,J,2,C-J-02,STANDARD,True
95,1,Section C,J,3,C-J-03,STANDARD,True
96,1,Section C,J,4,C-J-04,STANDARD,True
97,1,Section C,J,5,C-J-05,STANDARD,True
98,1,Section C,J,6,C-J-06,STANDARD,True
99,1,Section C,J,7,C-J-07,STANDARD,True
100,1,Section C,J,8,C-J-08,STANDARD,True
101,1,Section C,J,9,C-J-09,STANDARD,True
102,1,Section C,J,10,C-J-10,STANDARD,True
103,1,Section C,J,11,C-J-11,STANDARD,True
104,1,Section C,J,12,C-J-12,STANDARD,True
105,2,Section A,A,1,A-A-01,VIP,True
106,2,Section A,A,2,A-A-02,VIP,True
107,2,Section A,A,3,A-A-03,VIP,True
108,2,Section A,A,4,A-A-04,VIP,True
109,2,Section A,A,5,A-A-05,VIP,True
110,2,Section A,A,6,A-A-06,VIP,True
111,2,Section A,A,7,A-A-07,VIP,True
112,2,Section A,A,8,A-A-08,VIP,True
113,2,Section A,A,9,A-A-09,VIP,True
114,2,Section A,A,10,A-A-10,VIP,True
115,2,Section A,B,1,A-B-01,VIP,True
116,2,Section A,B,2,A-B-02,VIP,True
117,2,Section A,B,3,A-B-03,VIP,True
118,2,Section A,B,4,A-B-04,VIP,True
119,2,Section A,B,5,A-B-05,VIP,True
120,2,Section A,B,6,A-B-06,VIP,True
121,2,Section A,B,7,A-B-07,VIP,True
122,2,Section A,B,8,A-B-08,VIP,True
123,2,Section A,B,9,A-B-09,VIP,True
124,2,Section A,B,10,A-B-10,VIP,True
125,2,Section B,C,1,B-C-01,PREMIUM,True
126,2,Section B,C,2,B-C-02,PREMIUM,True
127,2,Section B,C,3,B-C-03,PREMIUM,True
128,2,Section B,C,4,B-C-04,PREMIUM,True
129,2,Section B,C,5,B-C-05,PREMIUM,True
130,2,Section B,C,6,B-C-06,PREMIUM,True
131,2,Section B,C,7,B-C-07,PREMIUM,True
132,2,Section B,C,8,B-C-08,PREMIUM,True
133,2,Section B,C,9,B-C-09,PREMIUM,True
134,2,Section B,C,10,B-C-10,PREMIUM,True
135,2,Section B,C,11,B-C-11,PREMIUM,True
136,2,Section B,C,12,B-C-12,PREMIUM,True
137,2,Section B,D,1,B-D-01,PREMIUM,True
138,2,Section B,D,2,B-D-02,PREMIUM,True
139,2,Section B,D,3,B-D-03,PREMIUM,True
140,2,Section B,D,4,B-D-04,PREMIUM,True
141,2,Section B,D,5,B-D-05,PREMIUM,True
142,2,Section B,D,6,B-D-06,PREMIUM,True
143,2,Section B,D,7,B-D-07,PREMIUM,True
144,2,Section B,D,8,B-D-08,PREMIUM,True
145,2,Section B,D,9,B-D-09,PREMIUM,True
146,2,Section B,D,10,B-D-10,PREMIUM,True
147,2,Section B,D,11,B-D-11,PREMIUM,True
148,2,Section B,D,12,B-D-12,PREMIUM,True
149,2,Section B,E,1,B-E-01,PREMIUM,True
150,2,Section B,E,2,B-E-02,PREMIUM,True
151,2,Section B,E,3,B-E-03,PREMIUM,True
152,2,Section B,E,4,B-E-04,PREMIUM,True
153,2,Section B,E,5,B-E-05,PREMIUM,True
154,2,Section B,E,6,B-E-06,PREMIUM,True
155,2,Section B,E,7,B-E-07,PREMIUM,True
156,2,Section B,E,8,B-E-08,PREMIUM,True
157,2,Section B,E,9,B-E-09,PREMIUM,True
158,2,Section B,E,10,B-E-10,PREMIUM,True
159,2,Section B,E,11,B-E-11,PREMIUM,True
160,2,Section B,E,12,B-E-12,PREMIUM,True
161,2,Section C,F,1,C-F-01,STANDARD,True
162,2,Section C,F,2,C-F-02,STANDARD,True
163,2,Section C,F,3,C-F-03,STANDARD,True
164,2,Section C,F,4,C-F-04,STANDARD,True
165,2,Section C,F,5,C-F-05,STANDARD,True
166,2,Section C,F,6,C-F-06,STANDARD,True
167,2,Section C,F,7,C-F-07,STANDARD,True
168,2,Section C,F,8,C-F-08,STANDARD,True
169,2,Section C,F,9,C-F-09,STANDARD,True
170,2,Section C,F,10,C-F-10,STANDARD,True
171,2,Section C,F,11,C-F-11,STANDARD,True
172,2,Section C,F,12,C-F-12,STANDARD,True
173,2,Section C,G,1,C-G-01,STANDARD,True
174,2,Section C,G,2,C-G-02,STANDARD,True
175,2,Section C,G,3,C-G-03,STANDARD,True
176,2,Section C,G,4,C-G-04,STANDARD,True
177,2,Section C,G,5,C-G-05,STANDARD,True
178,2,Section C,G,6,C-G-06,STANDARD,True
179,2,Section C,G,7,C-G-07,STANDARD,True
180,2,Section C,G,8,C-G-08,STANDARD,True
181,2,Section C,G,9,C-G-09,STANDARD,True
182,2,Section C,G,10,C-G-10,STANDARD,True
183,2,Section C,G,11,C-G-11,STANDARD,True
184,2,Section C,G,12,C-G-12,STANDARD,True
185,2,Section C,H,1,C-H-01,STANDARD,True
186,2,Section C,H,2,C-H-02,STANDARD,True
187,2,Section C,H,3,C-H-03,STANDARD,True
188,2,Section C,H,4,C-H-04,STANDARD,True
189,2,Section C,H,5,C-H-05,STANDARD,True
190,2,Section C,H,6,C-H-06,STANDARD,True
191,2,Section C,H,7,C-H-07,STANDARD,True
192,2,Section C,H,8,C-H-08,STANDARD,True
193,2,Section C,H,9,C-H-09,STANDARD,True
194,2,Section C,H,10,C-H-10,STANDARD,True
195,2,Section C,H,11,C-H-11,STANDARD,True
196,2,Section C,H,12,C-H-12,STANDARD,True
197,2,Section C,J,1,C-J-01,STANDARD,True
198,2,Section C,J,2,C-J-02,STANDARD,True
199,2,Section C,J,3,C-J-03,STANDARD,True
200,2,Section C,J,4,C-J-04,STANDARD,True
201,2,Section C,J,5,C-J-05,STANDARD,True
202,2,Section C,J,6,C-J-06,STANDARD,True
203,2,Section C,J,7,C-J-07,STANDARD,True
204,2,Section C,J,8,C-J-08,STANDARD,True
205,2,Section C,J,9,C-J-09,STANDARD,True
206,2,Section C,J,10,C-J-10,STANDARD,True
207,2,Section C,J,11,C-J-11,STANDARD,True
208,2,Section C,J,12,C-J-12,STANDARD,True
209,3,Section A,A,1,A-A-01,VIP,True
210,3,Section A,A,2,A-A-02,VIP,True
211,3,Section A,A,3,A-A-03,VIP,True
212,3,Section A,A,4,A-A-04,VIP,True
213,3,Section A,A,5,A-A-05,VIP,True
214,3,Section A,A,6,A-A-06,VIP,True
215,3,Section A,A,7,A-A-07,VIP,True
216,3,Section A,A,8,A-A-08,VIP,True
217,3,Section A,A,9,A-A-09,VIP,True
218,3,Section A,A,10,A-A-10,VIP,True
219,3,Section A,B,1,A-B-01,VIP,True
220,3,Section A,B,2,A-B-02,VIP,True
221,3,Section A,B,3,A-B-03,VIP,True
222,3,Section A,B,4,A-B-04,VIP,True
223,3,Section A,B,5,A-B-05,VIP,True
224,3,Section A,B,6,A-B-06,VIP,True
225,3,Section A,B,7,A-B-07,VIP,True
226,3,Section A,B,8,A-B-08,VIP,True
227,3,Section A,B,9,A-B-09,VIP,True
228,3,Section A,B,10,A-B-10,VIP,True
229,3,Section B,C,1,B-C-01,PREMIUM,True
230,3,Section B,C,2,B-C-02,PREMIUM,True
231,3,Section B,C,3,B-C-03,PREMIUM,True
232,3,Section B,C,4,B-C-04,PREMIUM,True
233,3,Section B,C,5,B-C-05,PREMIUM,True
234,3,Section B,C,6,B-C-06,PREMIUM,True
235,3,Section B,C,7,B-C-07,PREMIUM,True
236,3,Section B,C,8,B-C-08,PREMIUM,True
237,3,Section B,C,9,B-C-09,PREMIUM,True
238,3,Section B,C,10,B-C-10,PREMIUM,True
239,3,Section B,C,11,B-C-11,PREMIUM,True
240,3,Section B,C,12,B-C-12,PREMIUM,True
241,3,Section B,D,1,B-D-01,PREMIUM,True
242,3,Section B,D,2,B-D-02,PREMIUM,True
243,3,Section B,D,3,B-D-03,PREMIUM,True
244,3,Section B,D,4,B-D-04,PREMIUM,True
245,3,Section B,D,5,B-D-05,PREMIUM,True
246,3,Section B,D,6,B-D-06,PREMIUM,True
247,3,Section B,D,7,B-D-07,PREMIUM,True
248,3,Section B,D,8,B-D-08,PREMIUM,True
249,3,Section B,D,9,B-D-09,PREMIUM,True
250,3,Section B,D,10,B-D-10,PREMIUM,True
251,3,Section B,D,11,B-D-11,PREMIUM,True
252,3,Section B,D,12,B-D-12,PREMIUM,True
253,3,Section B,E,1,B-E-01,PREMIUM,True
254,3,Section B,E,2,B-E-02,PREMIUM,True
255,3,Section B,E,3,B-E-03,PREMIUM,True
256,3,Section B,E,4,B-E-04,PREMIUM,True
257,3,Section B,E,5,B-E-05,PREMIUM,True
258,3,Section B,E,6,B-E-06,PREMIUM,True
259,3,Section B,E,7,B-E-07,PREMIUM,True
260,3,Section B,E,8,B-E-08,PREMIUM,True
261,3,Section B,E,9,B-E-09,PREMIUM,True
262,3,Section B,E,10,B-E-10,PREMIUM,True
263,3,Section B,E,11,B-E-11,PREMIUM,True
264,3,Section B,E,12,B-E-12,PREMIUM,True
265,3,Section C,F,1,C-F-01,STANDARD,True
266,3,Section C,F,2,C-F-02,STANDARD,True
267,3,Section C,F,3,C-F-03,STANDARD,True
268,3,Section C,F,4,C-F-04,STANDARD,True
269,3,Section C,F,5,C-F-05,STANDARD,True
270,3,Section C,F,6,C-F-06,STANDARD,True
271,3,Section C,F,7,C-F-07,STANDARD,True
272,3,Section C,F,8,C-F-08,STANDARD,True
273,3,Section C,F,9,C-F-09,STANDARD,True
274,3,Section C,F,10,C-F-10,STANDARD,True
275,3,Section C,F,11,C-F-11,STANDARD,True
276,3,Section C,F,12,C-F-12,STANDARD,True
277,3,Section C,G,1,C-G-01,STANDARD,True
278,3,Section C,G,2,C-G-02,STANDARD,True
279,3,Section C,G,3,C-G-03,STANDARD,True
280,3,Section C,G,4,C-G-04,STANDARD,True
281,3,Section C,G,5,C-G-05,STANDARD,True
282,3,Section C,G,6,C-G-06,STANDARD,True
283,3,Section C,G,7,C-G-07,STANDARD,True
284,3,Section C,G,8,C-G-08,STANDARD,True
285,3,Section C,G,9,C-G-09,STANDARD,True
286,3,Section C,G,10,C-G-10,STANDARD,True
287,3,Section C,G,11,C-G-11,STANDARD,True
288,3,Section C,G,12,C-G-12,STANDARD,True
289,3,Section C,H,1,C-H-01,STANDARD,True
290,3,Section C,H,2,C-H-02,STANDARD,True
291,3,Section C,H,3,C-H-03,STANDARD,True
292,3,Section C,H,4,C-H-04,STANDARD,True
293,3,Section C,H,5,C-H-05,STANDARD,True
294,3,Section C,H,6,C-H-06,STANDARD,True
295,3,Section C,H,7,C-H-07,STANDARD,True
296,3,Section C,H,8,C-H-08,STANDARD,True
297,3,Section C,H,9,C-H-09,STANDARD,True
298,3,Section C,H,10,C-H-10,STANDARD,True
299,3,Section C,H,11,C-H-11,STANDARD,True
300,3,Section C,H,12,C-H-12,STANDARD,True
301,3,Section C,J,1,C-J-01,STANDARD,True
302,3,Section C,J,2,C-J-02,STANDARD,True
303,3,Section C,J,3,C-J-03,STANDARD,True
304,3,Section C,J,4,C-J-04,STANDARD,True
305,3,Section C,J,5,C-J-05,STANDARD,True
306,3,Section C,J,6,C-J-06,STANDARD,True
307,3,Section C,J,7,C-J-07,STANDARD,True
308,3,Section C,J,8,C-J-08,STANDARD,True
309,3,Section C,J,9,C-J-09,STANDARD,True
310,3,Section C,J,10,C-J-10,STANDARD,True
311,3,Section C,J,11,C-J-11,STANDARD,True
312,3,Section C,J,12,C-J-12,STANDARD,True
313,5,Section A,A,1,A-A-01,VIP,True
314,5,Section A,A,2,A-A-02,VIP,True
315,5,Section A,A,3,A-A-03,VIP,True
316,5,Section A,A,4,A-A-04,VIP,True
317,5,Section A,A,5,A-A-05,VIP,True
318,5,Section A,A,6,A-A-06,VIP,True
319,5,Section A,A,7,A-A-07,VIP,True
320,5,Section A,A,8,A-A-08,VIP,True
321,5,Section A,A,9,A-A-09,VIP,True
322,5,Section A,A,10,A-A-10,VIP,True
323,5,Section A,B,1,A-B-01,VIP,True
324,5,Section A,B,2,A-B-02,VIP,True
325,5,Section A,B,3,A-B-03,VIP,True
326,5,Section A,B,4,A-B-04,VIP,True
327,5,Section A,B,5,A-B-05,VIP,True
328,5,Section A,B,6,A-B-06,VIP,True
329,5,Section A,B,7,A-B-07,VIP,True
330,5,Section A,B,8,A-B-08,VIP,True
331,5,Section A,B,9,A-B-09,VIP,True
332,5,Section A,B,10,A-B-10,VIP,True
333,5,Section B,C,1,B-C-01,PREMIUM,True
334,5,Section B,C,2,B-C-02,PREMIUM,True
335,5,Section B,C,3,B-C-03,PREMIUM,True
336,5,Section B,C,4,B-C-04,PREMIUM,True
337,5,Section B,C,5,B-C-05,PREMIUM,True
338,5,Section B,C,6,B-C-06,PREMIUM,True
339,5,Section B,C,7,B-C-07,PREMIUM,True
340,5,Section B,C,8,B-C-08,PREMIUM,True
341,5,Section B,C,9,B-C-09,PREMIUM,True
342,5,Section B,C,10,B-C-10,PREMIUM,True
343,5,Section B,C,11,B-C-11,PREMIUM,True
344,5,Section B,C,12,B-C-12,PREMIUM,True
345,5,Section B,D,1,B-D-01,PREMIUM,True
346,5,Section B,D,2,B-D-02,PREMIUM,True
347,5,Section B,D,3,B-D-03,PREMIUM,True
348,5,Section B,D,4,B-D-04,PREMIUM,True
349,5,Section B,D,5,B-D-05,PREMIUM,True
350,5,Section B,D,6,B-D-06,PREMIUM,True
351,5,Section B,D,7,B-D-07,PREMIUM,True
352,5,Section B,D,8,B-D-08,PREMIUM,True
353,5,Section B,D,9,B-D-09,PREMIUM,True
354,5,Section B,D,10,B-D-10,PREMIUM,True
355,5,Section B,D,11,B-D-11,PREMIUM,True
356,5,Section B,D,12,B-D-12,PREMIUM,True
357,5,Section B,E,1,B-E-01,PREMIUM,True
358,5,Section B,E,2,B-E-02,PREMIUM,True
359,5,Section B,E,3,B-E-03,PREMIUM,True
360,5,Section B,E,4,B-E-04,PREMIUM,True
361,5,Section B,E,5,B-E-05,PREMIUM,True
362,5,Section B,E,6,B-E-06,PREMIUM,True
363,5,Section B,E,7,B-E-07,PREMIUM,True
364,5,Section B,E,8,B-E-08,PREMIUM,True
365,5,Section B,E,9,B-E-09,PREMIUM,True
366,5,Section B,E,10,B-E-10,PREMIUM,True
367,5,Section B,E,11,B-E-11,PREMIUM,True
368,5,Section B,E,12,B-E-12,PREMIUM,True
369,5,Section C,F,1,C-F-01,STANDARD,True
370,5,Section C,F,2,C-F-02,STANDARD,True
371,5,Section C,F,3,C-F-03,STANDARD,True
372,5,Section C,F,4,C-F-04,STANDARD,True
373,5,Section C,F,5,C-F-05,STANDARD,True
374,5,Section C,F,6,C-F-06,STANDARD,True
375,5,Section C,F,7,C-F-07,STANDARD,True
376,5,Section C,F,8,C-F-08,STANDARD,True
377,5,Section C,F,9,C-F-09,STANDARD,True
378,5,Section C,F,10,C-F-10,STANDARD,True
379,5,Section C,F,11,C-F-11,STANDARD,True
380,5,Section C,F,12,C-F-12,STANDARD,True
381,5,Section C,G,1,C-G-01,STANDARD,True
382,5,Section C,G,2,C-G-02,STANDARD,True
383,5,Section C,G,3,C-G-03,STANDARD,True
384,5,Section C,G,4,C-G-04,STANDARD,True
385,5,Section C,G,5,C-G-05,STANDARD,True
386,5,Section C,G,6,C-G-06,STANDARD,True
387,5,Section C,G,7,C-G-07,STANDARD,True
388,5,Section C,G,8,C-G-08,STANDARD,True
389,5,Section C,G,9,C-G-09,STANDARD,True
390,5,Section C,G,10,C-G-10,STANDARD,True
391,5,Section C,G,11,C-G-11,STANDARD,True
392,5,Section C,G,12,C-G-12,STANDARD,True
393,5,Section C,H,1,C-H-01,STANDARD,True
394,5,Section C,H,2,C-H-02,STANDARD,True
395,5,Section C,H,3,C-H-03,STANDARD,True
396,5,Section C,H,4,C-H-04,STANDARD,True
397,5,Section C,H,5,C-H-05,STANDARD,True
398,5,Section C,H,6,C-H-06,STANDARD,True
399,5,Section C,H,7,C-H-07,STANDARD,True
400,5,Section C,H,8,C-H-08,STANDARD,True
401,5,Section C,H,9,C-H-09,STANDARD,True
402,5,Section C,H,10,C-H-10,STANDARD,True
403,5,Section C,H,11,C-H-11,STANDARD,True
404,5,Section C,H,12,C-H-12,STANDARD,True
405,5,Section C,J,1,C-J-01,STANDARD,True
406,5,Section C,J,2,C-J-02,STANDARD,True
407,5,Section C,J,3,C-J-03,STANDARD,True
408,5,Section C,J,4,C-J-04,STANDARD,True
409,5,Section C,J,5,C-J-05,STANDARD,True
410,5,Section C,J,6,C-J-06,STANDARD,True
411,5,Section C,J,7,C-J-07,STANDARD,True
412,5,Section C,J,8,C-J-08,STANDARD,True
413,5,Section C,J,9,C-J-09,STANDARD,True
414,5,Section C,J,10,C-J-10,STANDARD,True
415,5,Section C,J,11,C-J-11,STANDARD,True
416,5,Section C,J,12,C-J-12,STANDARD,True
417,6,Section A,A,1,A-A-01,VIP,True
418,6,Section A,A,2,A-A-02,VIP,True
419,6,Section A,A,3,A-A-03,VIP,True
420,6,Section A,A,4,A-A-04,VIP,True
421,6,Section A,A,5,A-A-05,VIP,True
422,6,Section A,A,6,A-A-06,VIP,True
423,6,Section A,A,7,A-A-07,VIP,True
424,6,Section A,A,8,A-A-08,VIP,True
425,6,Section A,A,9,A-A-09,VIP,True
426,6,Section A,A,10,A-A-10,VIP,True
427,6,Section A,B,1,A-B-01,VIP,True
428,6,Section A,B,2,A-B-02,VIP,True
429,6,Section A,B,3,A-B-03,VIP,True
430,6,Section A,B,4,A-B-04,VIP,True
431,6,Section A,B,5,A-B-05,VIP,True
432,6,Section A,B,6,A-B-06,VIP,True
433,6,Section A,B,7,A-B-07,VIP,True
434,6,Section A,B,8,A-B-08,VIP,True
435,6,Section A,B,9,A-B-09,VIP,True
436,6,Section A,B,10,A-B-10,VIP,True
437,6,Section B,C,1,B-C-01,PREMIUM,True
438,6,Section B,C,2,B-C-02,PREMIUM,True
439,6,Section B,C,3,B-C-03,PREMIUM,True
440,6,Section B,C,4,B-C-04,PREMIUM,True
441,6,Section B,C,5,B-C-05,PREMIUM,True
442,6,Section B,C,6,B-C-06,PREMIUM,True
443,6,Section B,C,7,B-C-07,PREMIUM,True
444,6,Section B,C,8,B-C-08,PREMIUM,True
445,6,Section B,C,9,B-C-09,PREMIUM,True
446,6,Section B,C,10,B-C-10,PREMIUM,True
447,6,Section B,C,11,B-C-11,PREMIUM,True
448,6,Section B,C,12,B-C-12,PREMIUM,True
449,6,Section B,D,1,B-D-01,PREMIUM,True
450,6,Section B,D,2,B-D-02,PREMIUM,True
451,6,Section B,D,3,B-D-03,PREMIUM,True
452,6,Section B,D,4,B-D-04,PREMIUM,True
453,6,Section B,D,5,B-D-05,PREMIUM,True
454,6,Section B,D,6,B-D-06,PREMIUM,True
455,6,Section B,D,7,B-D-07,PREMIUM,True
456,6,Section B,D,8,B-D-08,PREMIUM,True
457,6,Section B,D,9,B-D-09,PREMIUM,True
458,6,Section B,D,10,B-D-10,PREMIUM,True
459,6,Section B,D,11,B-D-11,PREMIUM,True
460,6,Section B,D,12,B-D-12,PREMIUM,True
461,6,Section B,E,1,B-E-01,PREMIUM,True
462,6,Section B,E,2,B-E-02,PREMIUM,True
463,6,Section B,E,3,B-E-03,PREMIUM,True
464,6,Section B,E,4,B-E-04,PREMIUM,True
465,6,Section B,E,5,B-E-05,PREMIUM,True
466,6,Section B,E,6,B-E-06,PREMIUM,True
467,6,Section B,E,7,B-E-07,PREMIUM,True
468,6,Section B,E,8,B-E-08,PREMIUM,True
469,6,Section B,E,9,B-E-09,PREMIUM,True
470,6,Section B,E,10,B-E-10,PREMIUM,True
471,6,Section B,E,11,B-E-11,PREMIUM,True
472,6,Section B,E,12,B-E-12,PREMIUM,True
473,6,Section C,F,1,C-F-01,STANDARD,True
474,6,Section C,F,2,C-F-02,STANDARD,True
475,6,Section C,F,3,C-F-03,STANDARD,True
476,6,Section C,F,4,C-F-04,STANDARD,True
477,6,Section C,F,5,C-F-05,STANDARD,True
478,6,Section C,F,6,C-F-06,STANDARD,True
479,6,Section C,F,7,C-F-07,STANDARD,True
480,6,Section C,F,8,C-F-08,STANDARD,True
481,6,Section C,F,9,C-F-09,STANDARD,True
482,6,Section C,F,10,C-F-10,STANDARD,True
483,6,Section C,F,11,C-F-11,STANDARD,True
484,6,Section C,F,12,C-F-12,STANDARD,True
485,6,Section C,G,1,C-G-01,STANDARD,True
486,6,Section C,G,2,C-G-02,STANDARD,True
487,6,Section C,G,3,C-G-03,STANDARD,True
488,6,Section C,G,4,C-G-04,STANDARD,True
489,6,Section C,G,5,C-G-05,STANDARD,True
490,6,Section C,G,6,C-G-06,STANDARD,True
491,6,Section C,G,7,C-G-07,STANDARD,True
492,6,Section C,G,8,C-G-08,STANDARD,True
493,6,Section C,G,9,C-G-09,STANDARD,True
494,6,Section C,G,10,C-G-10,STANDARD,True
495,6,Section C,G,11,C-G-11,STANDARD,True
496,6,Section C,G,12,C-G-12,STANDARD,True
497,6,Section C,H,1,C-H-01,STANDARD,True
498,6,Section C,H,2,C-H-02,STANDARD,True
499,6,Section C,H,3,C-H-03,STANDARD,True
500,6,Section C,H,4,C-H-04,STANDARD,True
501,6,Section C,H,5,C-H-05,STANDARD,True
502,6,Section C,H,6,C-H-06,STANDARD,True
503,6,Section C,H,7,C-H-07,STANDARD,True
504,6,Section C,H,8,C-H-08,STANDARD,True
505,6,Section C,H,9,C-H-09,STANDARD,True
506,6,Section C,H,10,C-H-10,STANDARD,True
507,6,Section C,H,11,C-H-11,STANDARD,True
508,6,Section C,H,12,C-H-12,STANDARD,True
509,6,Section C,J,1,C-J-01,STANDARD,True
510,6,Section C,J,2,C-J-02,STANDARD,True
511,6,Section C,J,3,C-J-03,STANDARD,True
512,6,Section C,J,4,C-J-04,STANDARD,True
513,6,Section C,J,5,C-J-05,STANDARD,True
514,6,Section C,J,6,C-J-06,STANDARD,True
515,6,Section C,J,7,C-J-07,STANDARD,True
516,6,Section C,J,8,C-J-08,STANDARD,True
517,6,Section C,J,9,C-J-09,STANDARD,True
518,6,Section C,J,10,C-J-10,STANDARD,True
519,6,Section C,J,11,C-J-11,STANDARD,True
520,6,Section C,J,12,C-J-12,STANDARD,True
521,10,Section A,A,1,A-A-01,VIP,True
522,10,Section A,A,2,A-A-02,VIP,True
523,10,Section A,A,3,A-A-03,VIP,True
524,10,Section A,A,4,A-A-04,VIP,True
525,10,Section A,A,5,A-A-05,VIP,True
526,10,Section A,A,6,A-A-06,VIP,True
527,10,Section A,A,7,A-A-07,VIP,True
528,10,Section A,A,8,A-A-08,VIP,True
529,10,Section A,A,9,A-A-09,VIP,True
530,10,Section A,A,10,A-A-10,VIP,True
531,10,Section A,B,1,A-B-01,VIP,True
532,10,Section A,B,2,A-B-02,VIP,True
533,10,Section A,B,3,A-B-03,VIP,True
534,10,Section A,B,4,A-B-04,VIP,True
535,10,Section A,B,5,A-B-05,VIP,True
536,10,Section A,B,6,A-B-06,VIP,True
537,10,Section A,B,7,A-B-07,VIP,True
538,10,Section A,B,8,A-B-08,VIP,True
539,10,Section A,B,9,A-B-09,VIP,True
540,10,Section A,B,10,A-B-10,VIP,True
541,10,Section B,C,1,B-C-01,PREMIUM,True
542,10,Section B,C,2,B-C-02,PREMIUM,True
543,10,Section B,C,3,B-C-03,PREMIUM,True
544,10,Section B,C,4,B-C-04,PREMIUM,True
545,10,Section B,C,5,B-C-05,PREMIUM,True
546,10,Section B,C,6,B-C-06,PREMIUM,True
547,10,Section B,C,7,B-C-07,PREMIUM,True
548,10,Section B,C,8,B-C-08,PREMIUM,True
549,10,Section B,C,9,B-C-09,PREMIUM,True
550,10,Section B,C,10,B-C-10,PREMIUM,True
551,10,Section B,C,11,B-C-11,PREMIUM,True
552,10,Section B,C,12,B-C-12,PREMIUM,True
553,10,Section B,D,1,B-D-01,PREMIUM,True
554,10,Section B,D,2,B-D-02,PREMIUM,True
555,10,Section B,D,3,B-D-03,PREMIUM,True
556,10,Section B,D,4,B-D-04,PREMIUM,True
557,10,Section B,D,5,B-D-05,PREMIUM,True
558,10,Section B,D,6,B-D-06,PREMIUM,True
559,10,Section B,D,7,B-D-07,PREMIUM,True
560,10,Section B,D,8,B-D-08,PREMIUM,True
561,10,Section B,D,9,B-D-09,PREMIUM,True
562,10,Section B,D,10,B-D-10,PREMIUM,True
563,10,Section B,D,11,B-D-11,PREMIUM,True
564,10,Section B,D,12,B-D-12,PREMIUM,True
565,10,Section B,E,1,B-E-01,PREMIUM,True
566,10,Section B,E,2,B-E-02,PREMIUM,True
567,10,Section B,E,3,B-E-03,PREMIUM,True
568,10,Section B,E,4,B-E-04,PREMIUM,True
569,10,Section B,E,5,B-E-05,PREMIUM,True
570,10,Section B,E,6,B-E-06,PREMIUM,True
571,10,Section B,E,7,B-E-07,PREMIUM,True
572,10,Section B,E,8,B-E-08,PREMIUM,True
573,10,Section B,E,9,B-E-09,PREMIUM,True
574,10,Section B,E,10,B-E-10,PREMIUM,True
575,10,Section B,E,11,B-E-11,PREMIUM,True
576,10,Section B,E,12,B-E-12,PREMIUM,True
577,10,Section C,F,1,C-F-01,STANDARD,True
578,10,Section C,F,2,C-F-02,STANDARD,True
579,10,Section C,F,3,C-F-03,STANDARD,True
580,10,Section C,F,4,C-F-04,STANDARD,True
581,10,Section C,F,5,C-F-05,STANDARD,True
582,10,Section C,F,6,C-F-06,STANDARD,True
583,10,Section C,F,7,C-F-07,STANDARD,True
584,10,Section C,F,8,C-F-08,STANDARD,True
585,10,Section C,F,9,C-F-09,STANDARD,True
586,10,Section C,F,10,C-F-10,STANDARD,True
587,10,Section C,F,11,C-F-11,STANDARD,True
588,10,Section C,F,12,C-F-12,STANDARD,True
589,10,Section C,G,1,C-G-01,STANDARD,True
590,10,Section C,G,2,C-G-02,STANDARD,True
591,10,Section C,G,3,C-G-03,STANDARD,True
592,10,Section C,G,4,C-G-04,STANDARD,True
593,10,Section C,G,5,C-G-05,STANDARD,True
594,10,Section C,G,6,C-G-06,STANDARD,True
595,10,Section C,G,7,C-G-07,STANDARD,True
596,10,Section C,G,8,C-G-08,STANDARD,True
597,10,Section C,G,9,C-G-09,STANDARD,True
598,10,Section C,G,10,C-G-10,STANDARD,True
599,10,Section C,G,11,C-G-11,STANDARD,True
600,10,Section C,G,12,C-G-12,STANDARD,True
601,10,Section C,H,1,C-H-01,STANDARD,True
602,10,Section C,H,2,C-H-02,STANDARD,True
603,10,Section C,H,3,C-H-03,STANDARD,True
604,10,Section C,H,4,C-H-04,STANDARD,True
605,10,Section C,H,5,C-H-05,STANDARD,True
606,10,Section C,H,6,C-H-06,STANDARD,True
607,10,Section C,H,7,C-H-07,STANDARD,True
608,10,Section C,H,8,C-H-08,STANDARD,True
609,10,Section C,H,9,C-H-09,STANDARD,True
610,10,Section C,H,10,C-H-10,STANDARD,True
611,10,Section C,H,11,C-H-11,STANDARD,True
612,10,Section C,H,12,C-H-12,STANDARD,True
613,10,Section C,J,1,C-J-01,STANDARD,True
614,10,Section C,J,2,C-J-02,STANDARD,True
615,10,Section C,J,3,C-J-03,STANDARD,True
616,10,Section C,J,4,C-J-04,STANDARD,True
617,10,Section C,J,5,C-J-05,STANDARD,True
618,10,Section C,J,6,C-J-06,STANDARD,True
619,10,Section C,J,7,C-J-07,STANDARD,True
620,10,Section C,J,8,C-J-08,STANDARD,True
621,10,Section C,J,9,C-J-09,STANDARD,True
622,10,Section C,J,10,C-J-10,STANDARD,True
623,10,Section C,J,11,C-J-11,STANDARD,True
624,10,Section C,J,12,C-J-12,STANDARD,True
